filename,category,property_type,tenant_name,landlord_name,nif_tenant,nif_landlord,property_address,lease_commencement_date,lease_expiry_date,rent_amount,break_option_date,break_penalty_months,rent_review_mechanism,security_deposit_months,permitted_use,financas_registration,stamp_duty_party,notice_period_tenant_days,notice_period_landlord_days,governing_law,expected_flags,expected_risk_level,has_nif_tenant,has_nif_landlord,has_financas_clause,assignment_absolute_prohibition,upward_only_review,stamp_duty_on_tenant,notice_below_statutory,deposit_above_6_months
PT_0001_office_Porto.pdf,standard_office,office,Porto Digital Solutions Lda.,Fundo de Investimento Imobiliário Tejo SICAV-FIA,543321819,560013389,"Avenida da Liberdade 288, 4000-833 Porto, Portugal",2024-01-22,2034-01-22,"EUR 19,900 per month / EUR 238,800 per year",2029-01-22,3,CPI/INE annual,2,uso exclusivo de escritório e atividades administrativas,yes,landlord,120,240,Portuguese law / NRAU,none,low,yes,yes,yes,no,no,no,no,no
PT_0002_office_Santarém.pdf,standard_office,office,Alcochete Distribution Lda.,Atlantic Estates Portugal Lda.,502654235,511615594,"Rua Augusta 236, 2000-227 Santarém, Portugal",2024-02-05,2031-02-05,"EUR 4,000 per month / EUR 48,000 per year",2027-02-05,4,CPI/INE annual,3,uso exclusivo de escritório e atividades administrativas,yes,landlord,120,240,Portuguese law / NRAU,none,low,yes,yes,yes,no,no,no,no,no
PT_0003_office_Santarém.pdf,standard_office,office,Braga Tech Hub Lda.,Alentejo Land Fund SICAV-FIA,510341316,547525534,"Avenida Almirante Reis 88, 2000-846 Santarém, Portugal",2023-08-05,2033-08-05,"EUR 6,100 per month / EUR 73,200 per year",2028-08-05,4,CPI/INE annual,3,uso exclusivo de escritório e atividades administrativas,yes,landlord,120,240,Portuguese law / NRAU,none,low,yes,yes,yes,no,no,no,no,no
PT_0004_office_Porto.pdf,standard_office,office,Torres Vedras Agro S.A.,Douro Capital Properties S.A.,550305641,539537672,"Praça do Comércio 72, 4100-862 Porto, Portugal",2022-06-23,2032-06-23,"EUR 15,700 per month / EUR 188,400 per year",2027-06-23,4,CPI/INE annual,3,uso exclusivo de escritório e atividades administrativas,yes,landlord,120,240,Portuguese law / NRAU,none,low,yes,yes,yes,no,no,no,no,no
PT_0005_office_Lisboa.pdf,standard_office,office,Faro Logistics Unipessoal Lda.,Iberian Real Estate Partners Lda.,587101226,591669784,"Avenida de Berna 6, 1300-798 Lisboa, Portugal",2022-07-01,2029-07-01,"EUR 15,700 per month / EUR 188,400 per year",2025-07-01,3,CPI/INE annual,2,uso exclusivo de escritório e atividades administrativas,yes,landlord,120,240,Portuguese law / NRAU,none,low,yes,yes,yes,no,no,no,no,no
PT_0006_office_Viseu.pdf,standard_office,office,Loures Business Center S.A.,Iberian Real Estate Partners Lda.,570482814,589325288,"Avenida da Liberdade 166, 3500-119 Viseu, Portugal",2022-09-22,2027-09-22,"EUR 11,200 per month / EUR 134,400 per year",2024-09-22,3,CPI/INE annual,2,uso exclusivo de escritório e atividades administrativas,yes,landlord,120,120,Portuguese law / NRAU,none,low,yes,yes,yes,no,no,no,no,no
PT_0007_office_Setúbal.pdf,standard_office,office,Palmela Auto Components Lda.,Lisboa Property Fund S.A.,517182278,524896383,"Avenida 24 de Julho 205, 2900-548 Setúbal, Portugal",2023-07-14,2026-07-14,"EUR 15,200 per month / EUR 182,400 per year",2024-07-14,3,CPI/INE annual,2,uso exclusivo de escritório e atividades administrativas,yes,landlord,120,120,Portuguese law / NRAU,none,low,yes,yes,yes,no,no,no,no,no
PT_0008_office_Porto.pdf,standard_office,office,NovaBuild Construções S.A.,Peninsular Property Trust SICAV,509839301,503105183,"Praça do Comércio 249, 4000-652 Porto, Portugal",2024-03-15,2034-03-15,"EUR 20,500 per month / EUR 246,000 per year",2029-03-15,3,CPI/INE annual,2,uso exclusivo de escritório e atividades administrativas,yes,landlord,120,240,Portuguese law / NRAU,none,low,yes,yes,yes,no,no,no,no,no
PT_0009_office_Lisboa.pdf,standard_office,office,Odivelas Commerce Lda.,Douro Capital Properties S.A.,511656670,510651333,"Avenida de Berna 230, 1400-532 Lisboa, Portugal",2023-08-06,2028-08-06,"EUR 9,100 per month / EUR 109,200 per year",2025-08-06,3,CPI/INE annual,2,uso exclusivo de escritório e atividades administrativas,yes,landlord,120,120,Portuguese law / NRAU,none,low,yes,yes,yes,no,no,no,no,no
PT_0010_office_Braga.pdf,standard_office,office,Torres Vedras Agro S.A.,Lisboa Property Fund S.A.,508013267,573602606,"Praça do Comércio 233, 4700-533 Braga, Portugal",2024-02-13,2034-02-13,"EUR 20,700 per month / EUR 248,400 per year",2029-02-13,3,CPI/INE annual,2,uso exclusivo de escritório e atividades administrativas,yes,landlord,120,240,Portuguese law / NRAU,none,low,yes,yes,yes,no,no,no,no,no
PT_0011_office_Porto.pdf,standard_office,office,Viseu Industrial Group S.A.,Douro Capital Properties S.A.,509805009,578820812,"Avenida Almirante Reis 35, 4100-513 Porto, Portugal",2024-03-12,2029-03-12,"EUR 24,700 per month / EUR 296,400 per year",2026-03-12,3,CPI/INE annual,2,uso exclusivo de escritório e atividades administrativas,yes,landlord,120,120,Portuguese law / NRAU,none,low,yes,yes,yes,no,no,no,no,no
PT_0012_office_Lisboa.pdf,standard_office,office,SolTejo Energia Lda.,Tagus Commercial Properties S.A.,599854353,546247510,"Rua Braamcamp 289, 1300-175 Lisboa, Portugal",2023-11-03,2030-11-03,"EUR 7,400 per month / EUR 88,800 per year",2026-11-03,3,CPI/INE annual,2,uso exclusivo de escritório e atividades administrativas,yes,landlord,120,240,Portuguese law / NRAU,none,low,yes,yes,yes,no,no,no,no,no
PT_0013_office_Lisboa.pdf,standard_office,office,NovaBuild Construções S.A.,Montado Capital Fund SICAV,535427849,580841241,"Rua de São Bento 284, 1400-378 Lisboa, Portugal",2022-03-08,2029-03-08,"EUR 17,400 per month / EUR 208,800 per year",2025-03-08,3,CPI/INE annual,2,uso exclusivo de escritório e atividades administrativas,yes,landlord,120,240,Portuguese law / NRAU,none,low,yes,yes,yes,no,no,no,no,no
PT_0014_office_Lisboa.pdf,standard_office,office,Coimbra Medical Supplies S.A.,Porto Heritage Properties Lda.,574016400,552427868,"Avenida da Liberdade 58, 1200-807 Lisboa, Portugal",2024-01-23,2027-01-23,"EUR 5,800 per month / EUR 69,600 per year",2025-01-23,4,CPI/INE annual,3,uso exclusivo de escritório e atividades administrativas,yes,landlord,120,120,Portuguese law / NRAU,none,low,yes,yes,yes,no,no,no,no,no
PT_0015_office_Évora.pdf,standard_office,office,Torres Vedras Agro S.A.,Iberian Real Estate Partners Lda.,562045053,531586923,"Rua do Ouro 91, 7000-125 Évora, Portugal",2022-11-12,2032-11-12,"EUR 20,800 per month / EUR 249,600 per year",2027-11-12,3,CPI/INE annual,2,uso exclusivo de escritório e atividades administrativas,yes,landlord,120,240,Portuguese law / NRAU,none,low,yes,yes,yes,no,no,no,no,no
PT_0016_office_Setúbal.pdf,standard_office,office,EurobuildPT S.A.,Costa Verde Real Estate S.A.,516073375,543303654,"Avenida Almirante Reis 143, 2900-756 Setúbal, Portugal",2024-10-23,2031-10-23,"EUR 12,200 per month / EUR 146,400 per year",2027-10-23,3,CPI/INE annual,2,uso exclusivo de escritório e atividades administrativas,yes,landlord,120,240,Portuguese law / NRAU,none,low,yes,yes,yes,no,no,no,no,no
PT_0017_office_Lisboa.pdf,standard_office,office,Coimbra Medical Supplies S.A.,Iberian Real Estate Partners Lda.,594019655,569816934,"Rua Augusta 224, 1000-632 Lisboa, Portugal",2024-11-07,2029-11-07,"EUR 15,700 per month / EUR 188,400 per year",2026-11-07,4,CPI/INE annual,3,uso exclusivo de escritório e atividades administrativas,yes,landlord,120,120,Portuguese law / NRAU,none,low,yes,yes,yes,no,no,no,no,no
PT_0018_office_Braga.pdf,standard_office,office,NovaBuild Construções S.A.,Minho Valley Properties Lda.,559514846,556482366,"Rua do Ouro 292, 4700-515 Braga, Portugal",2021-01-01,2028-01-01,"EUR 23,300 per month / EUR 279,600 per year",2024-01-01,4,CPI/INE annual,3,uso exclusivo de escritório e atividades administrativas,yes,landlord,120,240,Portuguese law / NRAU,none,low,yes,yes,yes,no,no,no,no,no
PT_0019_office_Porto.pdf,standard_office,office,Loures Business Center S.A.,Costa Verde Real Estate S.A.,599577738,572148951,"Rua Garrett 159, 4100-925 Porto, Portugal",2021-02-20,2024-02-20,"EUR 5,700 per month / EUR 68,400 per year",2022-02-20,3,CPI/INE annual,2,uso exclusivo de escritório e atividades administrativas,yes,landlord,120,120,Portuguese law / NRAU,none,low,yes,yes,yes,no,no,no,no,no
PT_0020_office_Santarém.pdf,standard_office,office,Moita Port Services Lda.,Serra da Arrábida Properties Lda.,517693676,532016328,"Rua Braamcamp 26, 2000-355 Santarém, Portugal",2023-07-24,2028-07-24,"EUR 5,100 per month / EUR 61,200 per year",2025-07-24,4,CPI/INE annual,3,uso exclusivo de escritório e atividades administrativas,yes,landlord,120,120,Portuguese law / NRAU,none,low,yes,yes,yes,no,no,no,no,no
PT_0021_office_Aveiro.pdf,standard_office,office,Nazaré Tourism Lda.,Porto Heritage Properties Lda.,595798687,527743487,"Rua Garrett 141, 3800-179 Aveiro, Portugal",2022-04-26,2029-04-26,"EUR 9,300 per month / EUR 111,600 per year",2025-04-26,4,CPI/INE annual,3,uso exclusivo de escritório e atividades administrativas,yes,landlord,120,240,Portuguese law / NRAU,none,low,yes,yes,yes,no,no,no,no,no
PT_0022_office_Lisboa.pdf,standard_office,office,Óbidos Heritage Commerce S.A.,Lisboa Property Fund S.A.,522362316,565876036,"Rua Castilho 300, 1000-977 Lisboa, Portugal",2024-03-25,2034-03-25,"EUR 21,500 per month / EUR 258,000 per year",2029-03-25,4,CPI/INE annual,3,uso exclusivo de escritório e atividades administrativas,yes,landlord,120,240,Portuguese law / NRAU,none,low,yes,yes,yes,no,no,no,no,no
PT_0023_office_Guarda.pdf,standard_office,office,Santarém Food Processing Lda.,Atlantic Estates Portugal Lda.,566889373,546706562,"Rua Braamcamp 66, 6300-646 Guarda, Portugal",2024-04-27,2027-04-27,"EUR 12,000 per month / EUR 144,000 per year",2025-04-27,3,CPI/INE annual,2,uso exclusivo de escritório e atividades administrativas,yes,landlord,120,120,Portuguese law / NRAU,none,low,yes,yes,yes,no,no,no,no,no
PT_0024_office_Lisboa.pdf,standard_office,office,Loures Business Center S.A.,Iberian Real Estate Partners Lda.,572046537,555646417,"Avenida da Liberdade 277, 1100-458 Lisboa, Portugal",2021-05-21,2024-05-21,"EUR 18,600 per month / EUR 223,200 per year",2022-05-21,3,CPI/INE annual,2,uso exclusivo de escritório e atividades administrativas,yes,landlord,120,120,Portuguese law / NRAU,none,low,yes,yes,yes,no,no,no,no,no
PT_0025_office_Lisboa.pdf,standard_office,office,Braga Tech Hub Lda.,Serra da Arrábida Properties Lda.,509232719,537452991,"Rua do Ouro 160, 1300-692 Lisboa, Portugal",2024-03-25,2034-03-25,"EUR 9,900 per month / EUR 118,800 per year",2029-03-25,4,CPI/INE annual,3,uso exclusivo de escritório e atividades administrativas,yes,landlord,120,240,Portuguese law / NRAU,none,low,yes,yes,yes,no,no,no,no,no
PT_0026_office_Lisboa.pdf,standard_office,office,Braga Tech Hub Lda.,Lisboa Property Fund S.A.,593149190,558651850,"Avenida Duque de Loulé 251, 1300-543 Lisboa, Portugal",2023-07-31,2028-07-31,"EUR 18,200 per month / EUR 218,400 per year",2025-07-31,4,CPI/INE annual,3,uso exclusivo de escritório e atividades administrativas,yes,landlord,120,120,Portuguese law / NRAU,none,low,yes,yes,yes,no,no,no,no,no
PT_0027_office_Coimbra.pdf,standard_office,office,Nazaré Tourism Lda.,Minho Valley Properties Lda.,549877694,553147379,"Avenida Defensores de Chaves 195, 3000-129 Coimbra, Portugal",2022-10-28,2027-10-28,"EUR 23,700 per month / EUR 284,400 per year",2024-10-28,4,CPI/INE annual,3,uso exclusivo de escritório e atividades administrativas,yes,landlord,120,120,Portuguese law / NRAU,none,low,yes,yes,yes,no,no,no,no,no
PT_0028_office_Lisboa.pdf,standard_office,office,Santarém Food Processing Lda.,Costa Verde Real Estate S.A.,545494808,531367837,"Avenida Eng. Duarte Pacheco 230, 1000-195 Lisboa, Portugal",2023-04-09,2028-04-09,"EUR 7,600 per month / EUR 91,200 per year",2025-04-09,4,CPI/INE annual,3,uso exclusivo de escritório e atividades administrativas,yes,landlord,120,120,Portuguese law / NRAU,none,low,yes,yes,yes,no,no,no,no,no
PT_0029_office_Lisboa.pdf,standard_office,office,Alcochete Distribution Lda.,Peninsular Property Trust SICAV,578856855,574443135,"Rua de São Bento 275, 1500-296 Lisboa, Portugal",2023-09-19,2030-09-19,"EUR 20,900 per month / EUR 250,800 per year",2026-09-19,4,CPI/INE annual,3,uso exclusivo de escritório e atividades administrativas,yes,landlord,120,240,Portuguese law / NRAU,none,low,yes,yes,yes,no,no,no,no,no
PT_0030_office_Viseu.pdf,standard_office,office,Braga Tech Hub Lda.,Atlantic Estates Portugal Lda.,535240824,500842710,"Rua Joaquim António de Aguiar 146, 3500-590 Viseu, Portugal",2022-01-13,2025-01-13,"EUR 10,700 per month / EUR 128,400 per year",2023-01-13,4,CPI/INE annual,3,uso exclusivo de escritório e atividades administrativas,yes,landlord,120,120,Portuguese law / NRAU,none,low,yes,yes,yes,no,no,no,no,no
PT_0031_retail_Leiria.pdf,standard_retail,retail,Porto Digital Solutions Lda.,Serra da Arrábida Properties Lda.,516719022,594131869,"Avenida Defensores de Chaves 116, 2400-489 Leiria, Portugal",2022-09-01,2032-09-01,"EUR 12,100 per month / EUR 145,200 per year",2027-09-01,4,CPI/INE annual,3,comércio a retalho e atividades comerciais conexas,yes,landlord,120,240,Portuguese law / NRAU,none,low,yes,yes,yes,no,no,no,no,no
PT_0032_retail_Lisboa.pdf,standard_retail,retail,Moita Port Services Lda.,Fundo de Investimento Imobiliário Tejo SICAV-FIA,591334123,528120679,"Avenida Eng. Duarte Pacheco 150, 1100-337 Lisboa, Portugal",2024-12-10,2034-12-10,"EUR 8,000 per month / EUR 96,000 per year",2029-12-10,3,CPI/INE annual,2,comércio a retalho e atividades comerciais conexas,yes,landlord,120,240,Portuguese law / NRAU,none,low,yes,yes,yes,no,no,no,no,no
PT_0033_retail_Lisboa.pdf,standard_retail,retail,Faro Logistics Unipessoal Lda.,Montado Capital Fund SICAV,549361832,542102499,"Avenida 24 de Julho 225, 1300-579 Lisboa, Portugal",2024-12-04,2034-12-04,"EUR 8,500 per month / EUR 102,000 per year",2029-12-04,4,CPI/INE annual,3,comércio a retalho e atividades comerciais conexas,yes,landlord,120,240,Portuguese law / NRAU,none,low,yes,yes,yes,no,no,no,no,no
PT_0034_retail_Viseu.pdf,standard_retail,retail,Óbidos Heritage Commerce S.A.,Algarve Investment Fund SICAV-FIA,571906594,501399049,"Rua Augusta 90, 3500-631 Viseu, Portugal",2022-07-24,2027-07-24,"EUR 12,100 per month / EUR 145,200 per year",2024-07-24,4,CPI/INE annual,3,comércio a retalho e atividades comerciais conexas,yes,landlord,120,120,Portuguese law / NRAU,none,low,yes,yes,yes,no,no,no,no,no
PT_0035_retail_Coimbra.pdf,standard_retail,retail,Caldas da Rainha Industrial Lda.,Lisboa Property Fund S.A.,575655125,567468071,"Rua dos Correeiros 130, 3000-218 Coimbra, Portugal",2023-11-20,2026-11-20,"EUR 11,100 per month / EUR 133,200 per year",2024-11-20,4,CPI/INE annual,3,comércio a retalho e atividades comerciais conexas,yes,landlord,120,120,Portuguese law / NRAU,none,low,yes,yes,yes,no,no,no,no,no
PT_0036_retail_Braga.pdf,standard_retail,retail,Iberostar Logistics Lda.,Douro Capital Properties S.A.,585977034,582477109,"Rua Garrett 82, 4700-664 Braga, Portugal",2023-04-16,2026-04-16,"EUR 14,900 per month / EUR 178,800 per year",2024-04-16,3,CPI/INE annual,2,comércio a retalho e atividades comerciais conexas,yes,landlord,120,120,Portuguese law / NRAU,none,low,yes,yes,yes,no,no,no,no,no
PT_0037_retail_Porto.pdf,standard_retail,retail,Vila Franca Commerce Lda.,Lisboa Property Fund S.A.,527484677,537826398,"Avenida da República 36, 4200-891 Porto, Portugal",2022-11-28,2029-11-28,"EUR 11,400 per month / EUR 136,800 per year",2025-11-28,3,CPI/INE annual,2,comércio a retalho e atividades comerciais conexas,yes,landlord,120,240,Portuguese law / NRAU,none,low,yes,yes,yes,no,no,no,no,no
PT_0038_retail_Porto.pdf,standard_retail,retail,Funchal Tourism Services Lda.,Serra da Arrábida Properties Lda.,599727875,558867533,"Rua Joaquim António de Aguiar 197, 4100-976 Porto, Portugal",2021-03-31,2028-03-31,"EUR 11,300 per month / EUR 135,600 per year",2024-03-31,4,CPI/INE annual,3,comércio a retalho e atividades comerciais conexas,yes,landlord,120,240,Portuguese law / NRAU,none,low,yes,yes,yes,no,no,no,no,no
PT_0039_retail_Porto.pdf,standard_retail,retail,Barreiro Industrial Lda.,Tagus Commercial Properties S.A.,527028951,571870262,"Avenida Almirante Reis 241, 4200-446 Porto, Portugal",2024-08-23,2027-08-23,"EUR 10,900 per month / EUR 130,800 per year",2025-08-23,4,CPI/INE annual,3,comércio a retalho e atividades comerciais conexas,yes,landlord,120,120,Portuguese law / NRAU,none,low,yes,yes,yes,no,no,no,no,no
PT_0040_retail_Coimbra.pdf,standard_retail,retail,Óbidos Heritage Commerce S.A.,Tagus Commercial Properties S.A.,557809134,531611724,"Avenida da Liberdade 24, 3000-915 Coimbra, Portugal",2023-01-05,2030-01-05,"EUR 8,300 per month / EUR 99,600 per year",2026-01-05,4,CPI/INE annual,3,comércio a retalho e atividades comerciais conexas,yes,landlord,120,240,Portuguese law / NRAU,none,low,yes,yes,yes,no,no,no,no,no
PT_0041_retail_Lisboa.pdf,standard_retail,retail,Sintra Innovation Lda.,Porto Heritage Properties Lda.,569222196,593792374,"Rua Braamcamp 131, 1000-923 Lisboa, Portugal",2024-10-19,2029-10-19,"EUR 8,100 per month / EUR 97,200 per year",2026-10-19,3,CPI/INE annual,2,comércio a retalho e atividades comerciais conexas,yes,landlord,120,120,Portuguese law / NRAU,none,low,yes,yes,yes,no,no,no,no,no
PT_0042_retail_Porto.pdf,standard_retail,retail,Santarém Food Processing Lda.,Lusitania Commercial Estates S.A.,546474367,513695944,"Avenida da Liberdade 203, 4200-108 Porto, Portugal",2024-05-26,2034-05-26,"EUR 2,000 per month / EUR 24,000 per year",2029-05-26,4,CPI/INE annual,3,comércio a retalho e atividades comerciais conexas,yes,landlord,120,240,Portuguese law / NRAU,none,low,yes,yes,yes,no,no,no,no,no
PT_0043_retail_Lisboa.pdf,standard_retail,retail,Seixal Steel Works S.A.,Costa Verde Real Estate S.A.,553394210,547095214,"Rua dos Correeiros 213, 1500-305 Lisboa, Portugal",2023-01-20,2030-01-20,"EUR 14,600 per month / EUR 175,200 per year",2026-01-20,3,CPI/INE annual,2,comércio a retalho e atividades comerciais conexas,yes,landlord,120,240,Portuguese law / NRAU,none,low,yes,yes,yes,no,no,no,no,no
PT_0044_retail_Porto.pdf,standard_retail,retail,Queluz Retail Group S.A.,Costa Verde Real Estate S.A.,545171236,585160481,"Rua Braamcamp 189, 4200-698 Porto, Portugal",2021-08-10,2026-08-10,"EUR 10,300 per month / EUR 123,600 per year",2023-08-10,4,CPI/INE annual,3,comércio a retalho e atividades comerciais conexas,yes,landlord,120,120,Portuguese law / NRAU,none,low,yes,yes,yes,no,no,no,no,no
PT_0045_retail_Lisboa.pdf,standard_retail,retail,Moita Port Services Lda.,Montado Capital Fund SICAV,585931746,512004711,"Rua Garrett 276, 1400-497 Lisboa, Portugal",2024-10-05,2034-10-05,"EUR 10,200 per month / EUR 122,400 per year",2029-10-05,3,CPI/INE annual,2,comércio a retalho e atividades comerciais conexas,yes,landlord,120,240,Portuguese law / NRAU,none,low,yes,yes,yes,no,no,no,no,no
PT_0046_retail_Porto.pdf,standard_retail,retail,Lusitana Pharma S.A.,Serra da Arrábida Properties Lda.,579640537,573515850,"Rua Castilho 142, 4000-225 Porto, Portugal",2021-07-07,2026-07-07,"EUR 12,400 per month / EUR 148,800 per year",2023-07-07,3,CPI/INE annual,2,comércio a retalho e atividades comerciais conexas,yes,landlord,120,120,Portuguese law / NRAU,none,low,yes,yes,yes,no,no,no,no,no
PT_0047_retail_Lisboa.pdf,standard_retail,retail,Leiria Construction S.A.,Douro Capital Properties S.A.,529318393,535290422,"Avenida de Berna 129, 1500-212 Lisboa, Portugal",2021-09-27,2024-09-27,"EUR 1,400 per month / EUR 16,800 per year",2022-09-27,4,CPI/INE annual,3,comércio a retalho e atividades comerciais conexas,yes,landlord,120,120,Portuguese law / NRAU,none,low,yes,yes,yes,no,no,no,no,no
PT_0048_retail_Guarda.pdf,standard_retail,retail,Alcochete Distribution Lda.,Peninsular Property Trust SICAV,502402681,517758917,"Rua Latino Coelho 114, 6300-144 Guarda, Portugal",2022-09-10,2032-09-10,"EUR 14,100 per month / EUR 169,200 per year",2027-09-10,3,CPI/INE annual,2,comércio a retalho e atividades comerciais conexas,yes,landlord,120,240,Portuguese law / NRAU,none,low,yes,yes,yes,no,no,no,no,no
PT_0049_retail_Guarda.pdf,standard_retail,retail,Queluz Retail Group S.A.,Serra da Arrábida Properties Lda.,566177115,592124998,"Rua dos Correeiros 196, 6300-643 Guarda, Portugal",2023-11-02,2033-11-02,"EUR 12,400 per month / EUR 148,800 per year",2028-11-02,3,CPI/INE annual,2,comércio a retalho e atividades comerciais conexas,yes,landlord,120,240,Portuguese law / NRAU,none,low,yes,yes,yes,no,no,no,no,no
PT_0050_retail_Lisboa.pdf,standard_retail,retail,Porto Digital Solutions Lda.,Serra da Arrábida Properties Lda.,583673657,566156545,"Avenida da República 243, 1200-193 Lisboa, Portugal",2021-07-10,2031-07-10,"EUR 2,900 per month / EUR 34,800 per year",2026-07-10,3,CPI/INE annual,2,comércio a retalho e atividades comerciais conexas,yes,landlord,120,240,Portuguese law / NRAU,none,low,yes,yes,yes,no,no,no,no,no
PT_0051_retail_Leiria.pdf,standard_retail,retail,Almada Retail S.A.,Costa Verde Real Estate S.A.,528098851,565604945,"Rua de São Bento 296, 2400-317 Leiria, Portugal",2022-04-05,2025-04-05,"EUR 13,100 per month / EUR 157,200 per year",2023-04-05,4,CPI/INE annual,3,comércio a retalho e atividades comerciais conexas,yes,landlord,120,120,Portuguese law / NRAU,none,low,yes,yes,yes,no,no,no,no,no
PT_0052_retail_Lisboa.pdf,standard_retail,retail,Almada Retail S.A.,Lisboa Property Fund S.A.,549368998,509402445,"Avenida João XXI 4, 1500-990 Lisboa, Portugal",2021-05-23,2026-05-23,"EUR 11,000 per month / EUR 132,000 per year",2023-05-23,3,CPI/INE annual,2,comércio a retalho e atividades comerciais conexas,yes,landlord,120,120,Portuguese law / NRAU,none,low,yes,yes,yes,no,no,no,no,no
PT_0053_retail_Aveiro.pdf,standard_retail,retail,Nazaré Tourism Lda.,Douro Capital Properties S.A.,566752545,599102290,"Avenida Almirante Reis 140, 3800-777 Aveiro, Portugal",2024-05-28,2034-05-28,"EUR 13,200 per month / EUR 158,400 per year",2029-05-28,4,CPI/INE annual,3,comércio a retalho e atividades comerciais conexas,yes,landlord,120,240,Portuguese law / NRAU,none,low,yes,yes,yes,no,no,no,no,no
PT_0054_retail_Porto.pdf,standard_retail,retail,Cascais Retail Partners S.A.,Costa Verde Real Estate S.A.,581561497,584036900,"Avenida Fontes Pereira de Melo 155, 4000-885 Porto, Portugal",2022-08-16,2029-08-16,"EUR 7,300 per month / EUR 87,600 per year",2025-08-16,3,CPI/INE annual,2,comércio a retalho e atividades comerciais conexas,yes,landlord,120,240,Portuguese law / NRAU,none,low,yes,yes,yes,no,no,no,no,no
PT_0055_retail_Évora.pdf,standard_retail,retail,Caldas da Rainha Industrial Lda.,Alentejo Land Fund SICAV-FIA,562268388,551606071,"Rua dos Correeiros 295, 7000-687 Évora, Portugal",2022-08-16,2025-08-16,"EUR 11,400 per month / EUR 136,800 per year",2023-08-16,4,CPI/INE annual,3,comércio a retalho e atividades comerciais conexas,yes,landlord,120,120,Portuguese law / NRAU,none,low,yes,yes,yes,no,no,no,no,no
PT_0056_warehouse_Lisboa.pdf,standard_warehouse,warehouse,Aveiro Marine Lda.,Iberian Real Estate Partners Lda.,597516136,596816453,"Rua dos Correeiros 87, 1200-622 Lisboa, Portugal",2023-12-23,2028-12-23,"EUR 4,400 per month / EUR 52,800 per year",2025-12-23,4,CPI/INE annual,3,"armazenagem, logística e operações industriais",yes,landlord,120,120,Portuguese law / NRAU,none,low,yes,yes,yes,no,no,no,no,no
PT_0057_warehouse_Lisboa.pdf,standard_warehouse,warehouse,Tagus Trading Lda.,Douro Capital Properties S.A.,512432921,527799799,"Rua dos Correeiros 162, 1400-550 Lisboa, Portugal",2023-06-25,2030-06-25,"EUR 13,500 per month / EUR 162,000 per year",2026-06-25,4,CPI/INE annual,3,"armazenagem, logística e operações industriais",yes,landlord,120,240,Portuguese law / NRAU,none,low,yes,yes,yes,no,no,no,no,no
PT_0058_warehouse_Lisboa.pdf,standard_warehouse,warehouse,Iberostar Logistics Lda.,Peninsular Property Trust SICAV,581477005,541199867,"Rua Joaquim António de Aguiar 284, 1100-560 Lisboa, Portugal",2022-01-21,2029-01-21,"EUR 18,100 per month / EUR 217,200 per year",2025-01-21,4,CPI/INE annual,3,"armazenagem, logística e operações industriais",yes,landlord,120,240,Portuguese law / NRAU,none,low,yes,yes,yes,no,no,no,no,no
PT_0059_warehouse_Évora.pdf,standard_warehouse,warehouse,Tagus Trading Lda.,Fundo de Investimento Imobiliário Tejo SICAV-FIA,571518203,577889255,"Avenida 24 de Julho 199, 7000-893 Évora, Portugal",2024-05-09,2027-05-09,"EUR 18,800 per month / EUR 225,600 per year",2025-05-09,4,CPI/INE annual,3,"armazenagem, logística e operações industriais",yes,landlord,120,120,Portuguese law / NRAU,none,low,yes,yes,yes,no,no,no,no,no
PT_0060_warehouse_Faro.pdf,standard_warehouse,warehouse,Leiria Construction S.A.,Lisboa Property Fund S.A.,586449251,592546291,"Avenida 24 de Julho 287, 8000-758 Faro, Portugal",2024-10-04,2027-10-04,"EUR 4,700 per month / EUR 56,400 per year",2025-10-04,4,CPI/INE annual,3,"armazenagem, logística e operações industriais",yes,landlord,120,120,Portuguese law / NRAU,none,low,yes,yes,yes,no,no,no,no,no
PT_0061_warehouse_Guarda.pdf,standard_warehouse,warehouse,Almada Retail S.A.,Fundo de Investimento Imobiliário Tejo SICAV-FIA,554235733,522141888,"Rua Augusta 173, 6300-234 Guarda, Portugal",2021-11-12,2026-11-12,"EUR 11,100 per month / EUR 133,200 per year",2023-11-12,3,CPI/INE annual,2,"armazenagem, logística e operações industriais",yes,landlord,120,120,Portuguese law / NRAU,none,low,yes,yes,yes,no,no,no,no,no
PT_0062_warehouse_Aveiro.pdf,standard_warehouse,warehouse,Moita Port Services Lda.,Costa Verde Real Estate S.A.,527065379,547383473,"Avenida João XXI 293, 3800-572 Aveiro, Portugal",2023-10-27,2033-10-27,"EUR 11,200 per month / EUR 134,400 per year",2028-10-27,3,CPI/INE annual,2,"armazenagem, logística e operações industriais",yes,landlord,120,240,Portuguese law / NRAU,none,low,yes,yes,yes,no,no,no,no,no
PT_0063_warehouse_Aveiro.pdf,standard_warehouse,warehouse,Seixal Steel Works S.A.,Iberian Real Estate Partners Lda.,540758181,541247826,"Avenida Almirante Reis 114, 3800-457 Aveiro, Portugal",2021-04-20,2031-04-20,"EUR 12,100 per month / EUR 145,200 per year",2026-04-20,4,CPI/INE annual,3,"armazenagem, logística e operações industriais",yes,landlord,120,240,Portuguese law / NRAU,none,low,yes,yes,yes,no,no,no,no,no
PT_0064_warehouse_Porto.pdf,standard_warehouse,warehouse,Barreiro Industrial Lda.,Lisboa Property Fund S.A.,553051522,504727790,"Avenida Almirante Reis 10, 4200-320 Porto, Portugal",2024-05-31,2034-05-31,"EUR 15,500 per month / EUR 186,000 per year",2029-05-31,3,CPI/INE annual,2,"armazenagem, logística e operações industriais",yes,landlord,120,240,Portuguese law / NRAU,none,low,yes,yes,yes,no,no,no,no,no
PT_0065_warehouse_Lisboa.pdf,standard_warehouse,warehouse,Sintra Innovation Lda.,Atlantic Estates Portugal Lda.,510369711,579808932,"Avenida 24 de Julho 220, 1000-729 Lisboa, Portugal",2024-03-14,2034-03-14,"EUR 7,600 per month / EUR 91,200 per year",2029-03-14,3,CPI/INE annual,2,"armazenagem, logística e operações industriais",yes,landlord,120,240,Portuguese law / NRAU,none,low,yes,yes,yes,no,no,no,no,no
PT_0066_warehouse_Porto.pdf,standard_warehouse,warehouse,SolTejo Energia Lda.,Porto Heritage Properties Lda.,551888880,567065405,"Avenida Almirante Reis 177, 4100-850 Porto, Portugal",2021-08-01,2028-08-01,"EUR 17,500 per month / EUR 210,000 per year",2024-08-01,3,CPI/INE annual,2,"armazenagem, logística e operações industriais",yes,landlord,120,240,Portuguese law / NRAU,none,low,yes,yes,yes,no,no,no,no,no
PT_0067_warehouse_Santarém.pdf,standard_warehouse,warehouse,Santarém Food Processing Lda.,Porto Heritage Properties Lda.,552772217,504303054,"Rua Latino Coelho 204, 2000-584 Santarém, Portugal",2024-08-17,2029-08-17,"EUR 2,400 per month / EUR 28,800 per year",2026-08-17,4,CPI/INE annual,3,"armazenagem, logística e operações industriais",yes,landlord,120,120,Portuguese law / NRAU,none,low,yes,yes,yes,no,no,no,no,no
PT_0068_warehouse_Évora.pdf,standard_warehouse,warehouse,Iberostar Logistics Lda.,Serra da Arrábida Properties Lda.,554156676,552775841,"Avenida Duque de Loulé 41, 7000-716 Évora, Portugal",2022-08-25,2029-08-25,"EUR 15,400 per month / EUR 184,800 per year",2025-08-25,3,CPI/INE annual,2,"armazenagem, logística e operações industriais",yes,landlord,120,240,Portuguese law / NRAU,none,low,yes,yes,yes,no,no,no,no,no
PT_0069_warehouse_Leiria.pdf,standard_warehouse,warehouse,Aveiro Marine Lda.,Minho Valley Properties Lda.,544796275,570596401,"Rua Castilho 187, 2400-920 Leiria, Portugal",2021-03-05,2026-03-05,"EUR 5,500 per month / EUR 66,000 per year",2023-03-05,4,CPI/INE annual,3,"armazenagem, logística e operações industriais",yes,landlord,120,120,Portuguese law / NRAU,none,low,yes,yes,yes,no,no,no,no,no
PT_0070_warehouse_Coimbra.pdf,standard_warehouse,warehouse,Algarve Hospitality Group S.A.,Lisboa Property Fund S.A.,535569092,575571928,"Avenida João XXI 204, 3000-765 Coimbra, Portugal",2021-08-21,2024-08-21,"EUR 7,800 per month / EUR 93,600 per year",2022-08-21,3,CPI/INE annual,2,"armazenagem, logística e operações industriais",yes,landlord,120,120,Portuguese law / NRAU,none,low,yes,yes,yes,no,no,no,no,no
PT_0071_warehouse_Setúbal.pdf,standard_warehouse,warehouse,Nazaré Tourism Lda.,Tagus Commercial Properties S.A.,581447394,573121727,"Avenida Almirante Reis 164, 2900-826 Setúbal, Portugal",2024-01-16,2031-01-16,"EUR 15,500 per month / EUR 186,000 per year",2027-01-16,4,CPI/INE annual,3,"armazenagem, logística e operações industriais",yes,landlord,120,240,Portuguese law / NRAU,none,low,yes,yes,yes,no,no,no,no,no
PT_0072_warehouse_Lisboa.pdf,standard_warehouse,warehouse,Setúbal Warehousing Lda.,Costa Verde Real Estate S.A.,558313237,505895782,"Avenida Defensores de Chaves 45, 1200-416 Lisboa, Portugal",2023-09-08,2033-09-08,"EUR 19,800 per month / EUR 237,600 per year",2028-09-08,4,CPI/INE annual,3,"armazenagem, logística e operações industriais",yes,landlord,120,240,Portuguese law / NRAU,none,low,yes,yes,yes,no,no,no,no,no
PT_0073_warehouse_Lisboa.pdf,standard_warehouse,warehouse,NovaBuild Construções S.A.,Iberian Real Estate Partners Lda.,551778528,592268018,"Avenida da República 156, 1500-265 Lisboa, Portugal",2022-04-07,2029-04-07,"EUR 19,600 per month / EUR 235,200 per year",2025-04-07,4,CPI/INE annual,3,"armazenagem, logística e operações industriais",yes,landlord,120,240,Portuguese law / NRAU,none,low,yes,yes,yes,no,no,no,no,no
PT_0074_warehouse_Lisboa.pdf,standard_warehouse,warehouse,Coimbra Medical Supplies S.A.,Douro Capital Properties S.A.,584249818,529922995,"Rua Joaquim António de Aguiar 22, 1000-183 Lisboa, Portugal",2024-03-27,2031-03-27,"EUR 17,900 per month / EUR 214,800 per year",2027-03-27,3,CPI/INE annual,2,"armazenagem, logística e operações industriais",yes,landlord,120,240,Portuguese law / NRAU,none,low,yes,yes,yes,no,no,no,no,no
PT_0075_warehouse_Coimbra.pdf,standard_warehouse,warehouse,Odivelas Commerce Lda.,Lusitania Commercial Estates S.A.,507844736,547102767,"Rua Braamcamp 105, 3000-721 Coimbra, Portugal",2022-10-16,2029-10-16,"EUR 9,500 per month / EUR 114,000 per year",2025-10-16,4,CPI/INE annual,3,"armazenagem, logística e operações industriais",yes,landlord,120,240,Portuguese law / NRAU,none,low,yes,yes,yes,no,no,no,no,no
PT_0076_office_Coimbra.pdf,break_option_issue,office,Almada Retail S.A.,Porto Heritage Properties Lda.,581537147,532104696,"Rua Garrett 82, 3000-691 Coimbra, Portugal",2022-01-24,2027-01-24,"EUR 10,000 per month / EUR 120,000 per year",2024-01-24,4,CPI/INE annual,3,uso exclusivo de escritório e atividades administrativas,yes,landlord,120,120,Portuguese law / NRAU,dilapidations_survival_on_break,high,yes,yes,yes,no,no,no,no,no
PT_0077_office_Santarém.pdf,break_option_issue,office,Vila Franca Commerce Lda.,Algarve Investment Fund SICAV-FIA,547016873,539500479,"Avenida Eng. Duarte Pacheco 147, 2000-108 Santarém, Portugal",2023-06-02,2028-06-02,"EUR 4,700 per month / EUR 56,400 per year",2025-06-02,4,CPI/INE annual,3,uso exclusivo de escritório e atividades administrativas,yes,landlord,120,120,Portuguese law / NRAU,dilapidations_survival_on_break,high,yes,yes,yes,no,no,no,no,no
PT_0078_office_Lisboa.pdf,break_option_issue,office,Almada Retail S.A.,Costa Verde Real Estate S.A.,565060983,558416878,"Praça do Comércio 61, 1400-199 Lisboa, Portugal",2022-11-26,2029-11-26,"EUR 11,500 per month / EUR 138,000 per year",2025-11-26,3,CPI/INE annual,2,uso exclusivo de escritório e atividades administrativas,yes,landlord,120,240,Portuguese law / NRAU,dilapidations_survival_on_break,high,yes,yes,yes,no,no,no,no,no
PT_0079_office_Faro.pdf,break_option_issue,office,Seixal Steel Works S.A.,Porto Heritage Properties Lda.,568000257,587298259,"Rua dos Correeiros 84, 8000-731 Faro, Portugal",2022-09-05,2029-09-05,"EUR 23,500 per month / EUR 282,000 per year",2025-09-05,4,CPI/INE annual,3,uso exclusivo de escritório e atividades administrativas,yes,landlord,120,240,Portuguese law / NRAU,dilapidations_survival_on_break,high,yes,yes,yes,no,no,no,no,no
PT_0080_office_Lisboa.pdf,break_option_issue,office,Palmela Auto Components Lda.,Atlantic Estates Portugal Lda.,570551694,509749930,"Rua Joaquim António de Aguiar 246, 1500-636 Lisboa, Portugal",2024-06-23,2034-06-23,"EUR 20,400 per month / EUR 244,800 per year",2029-06-23,3,CPI/INE annual,2,uso exclusivo de escritório e atividades administrativas,yes,landlord,120,240,Portuguese law / NRAU,dilapidations_survival_on_break,high,yes,yes,yes,no,no,no,no,no
PT_0081_office_Santarém.pdf,break_option_issue,office,Sintra Innovation Lda.,Fundo de Investimento Imobiliário Tejo SICAV-FIA,591307562,563689702,"Rua Latino Coelho 107, 2000-432 Santarém, Portugal",2023-12-13,2033-12-13,"EUR 14,200 per month / EUR 170,400 per year",2028-12-13,4,CPI/INE annual,3,uso exclusivo de escritório e atividades administrativas,yes,landlord,120,240,Portuguese law / NRAU,dilapidations_survival_on_break,high,yes,yes,yes,no,no,no,no,no
PT_0082_office_Viseu.pdf,break_option_issue,office,Vila Franca Commerce Lda.,Montado Capital Fund SICAV,585854973,534843443,"Avenida Eng. Duarte Pacheco 163, 3500-457 Viseu, Portugal",2022-07-15,2029-07-15,"EUR 22,300 per month / EUR 267,600 per year",2025-07-15,3,CPI/INE annual,2,uso exclusivo de escritório e atividades administrativas,yes,landlord,120,240,Portuguese law / NRAU,dilapidations_survival_on_break,high,yes,yes,yes,no,no,no,no,no
PT_0083_office_Lisboa.pdf,break_option_issue,office,Óbidos Heritage Commerce S.A.,Tagus Commercial Properties S.A.,565240415,574733848,"Praça do Comércio 71, 1300-730 Lisboa, Portugal",2022-05-06,2027-05-06,"EUR 17,000 per month / EUR 204,000 per year",2024-05-06,3,CPI/INE annual,2,uso exclusivo de escritório e atividades administrativas,yes,landlord,120,120,Portuguese law / NRAU,dilapidations_survival_on_break,high,yes,yes,yes,no,no,no,no,no
PT_0084_office_Lisboa.pdf,break_option_issue,office,Nazaré Tourism Lda.,Douro Capital Properties S.A.,530165712,508267734,"Rua dos Correeiros 147, 1100-887 Lisboa, Portugal",2024-03-21,2029-03-21,"EUR 18,600 per month / EUR 223,200 per year",2026-03-21,3,CPI/INE annual,2,uso exclusivo de escritório e atividades administrativas,yes,landlord,120,120,Portuguese law / NRAU,dilapidations_survival_on_break,high,yes,yes,yes,no,no,no,no,no
PT_0085_office_Lisboa.pdf,break_option_issue,office,Odivelas Commerce Lda.,Montado Capital Fund SICAV,520672400,549915478,"Rua Latino Coelho 253, 1400-971 Lisboa, Portugal",2022-07-13,2027-07-13,"EUR 13,900 per month / EUR 166,800 per year",2024-07-13,3,CPI/INE annual,2,uso exclusivo de escritório e atividades administrativas,yes,landlord,120,120,Portuguese law / NRAU,dilapidations_survival_on_break,high,yes,yes,yes,no,no,no,no,no
PT_0086_office_Lisboa.pdf,break_option_issue,office,EurobuildPT S.A.,Alentejo Land Fund SICAV-FIA,574205493,529668516,"Rua de São Bento 95, 1400-588 Lisboa, Portugal",2021-01-14,2028-01-14,"EUR 8,300 per month / EUR 99,600 per year",2024-01-14,4,CPI/INE annual,3,uso exclusivo de escritório e atividades administrativas,yes,landlord,120,240,Portuguese law / NRAU,dilapidations_survival_on_break,high,yes,yes,yes,no,no,no,no,no
PT_0087_office_Braga.pdf,break_option_issue,office,Amadora Tech Solutions Lda.,Costa Verde Real Estate S.A.,545499045,530174268,"Avenida 24 de Julho 61, 4700-476 Braga, Portugal",2022-03-25,2027-03-25,"EUR 7,600 per month / EUR 91,200 per year",2024-03-25,4,CPI/INE annual,3,uso exclusivo de escritório e atividades administrativas,yes,landlord,120,120,Portuguese law / NRAU,dilapidations_survival_on_break,high,yes,yes,yes,no,no,no,no,no
PT_0088_office_Santarém.pdf,break_option_issue,office,Vila Franca Commerce Lda.,Alentejo Land Fund SICAV-FIA,595687833,591878519,"Rua de São Bento 32, 2000-617 Santarém, Portugal",2024-01-05,2029-01-05,"EUR 16,600 per month / EUR 199,200 per year",2026-01-05,3,CPI/INE annual,2,uso exclusivo de escritório e atividades administrativas,yes,landlord,120,120,Portuguese law / NRAU,dilapidations_survival_on_break,high,yes,yes,yes,no,no,no,no,no
PT_0089_office_Lisboa.pdf,break_option_issue,office,Nazaré Tourism Lda.,Algarve Investment Fund SICAV-FIA,513971870,572867908,"Rua Braamcamp 158, 1000-505 Lisboa, Portugal",2021-01-07,2026-01-07,"EUR 22,900 per month / EUR 274,800 per year",2023-01-07,3,CPI/INE annual,2,uso exclusivo de escritório e atividades administrativas,yes,landlord,120,120,Portuguese law / NRAU,dilapidations_survival_on_break,high,yes,yes,yes,no,no,no,no,no
PT_0090_office_Lisboa.pdf,break_option_issue,office,Loures Business Center S.A.,Peninsular Property Trust SICAV,518017046,522656766,"Avenida Almirante Reis 277, 1400-769 Lisboa, Portugal",2021-08-31,2026-08-31,"EUR 10,900 per month / EUR 130,800 per year",2023-08-31,4,CPI/INE annual,3,uso exclusivo de escritório e atividades administrativas,yes,landlord,120,120,Portuguese law / NRAU,dilapidations_survival_on_break,high,yes,yes,yes,no,no,no,no,no
PT_0091_office_Évora.pdf,break_option_issue,office,Algarve Hospitality Group S.A.,Alentejo Land Fund SICAV-FIA,530047868,563375243,"Rua de São Bento 17, 7000-729 Évora, Portugal",2021-02-02,2026-02-02,"EUR 24,600 per month / EUR 295,200 per year",2023-02-02,3,CPI/INE annual,2,uso exclusivo de escritório e atividades administrativas,yes,landlord,120,120,Portuguese law / NRAU,dilapidations_survival_on_break,high,yes,yes,yes,no,no,no,no,no
PT_0092_office_Castelo_Branco.pdf,break_option_issue,office,Lusitana Pharma S.A.,Lusitania Commercial Estates S.A.,507903067,538302843,"Rua Joaquim António de Aguiar 164, 6000-712 Castelo Branco, Portugal",2022-10-19,2027-10-19,"EUR 19,200 per month / EUR 230,400 per year",2024-10-19,4,CPI/INE annual,3,uso exclusivo de escritório e atividades administrativas,yes,landlord,120,120,Portuguese law / NRAU,dilapidations_survival_on_break,high,yes,yes,yes,no,no,no,no,no
PT_0093_office_Braga.pdf,break_option_issue,office,Nazaré Tourism Lda.,Douro Capital Properties S.A.,564408926,587056856,"Avenida Duque de Loulé 77, 4700-485 Braga, Portugal",2024-01-07,2034-01-07,"EUR 21,300 per month / EUR 255,600 per year",2029-01-07,3,CPI/INE annual,2,uso exclusivo de escritório e atividades administrativas,yes,landlord,120,240,Portuguese law / NRAU,dilapidations_survival_on_break,high,yes,yes,yes,no,no,no,no,no
PT_0094_office_Santarém.pdf,break_option_issue,office,Funchal Tourism Services Lda.,Serra da Arrábida Properties Lda.,527086688,526343517,"Avenida João XXI 48, 2000-841 Santarém, Portugal",2021-04-16,2028-04-16,"EUR 6,800 per month / EUR 81,600 per year",2024-04-16,4,CPI/INE annual,3,uso exclusivo de escritório e atividades administrativas,yes,landlord,120,240,Portuguese law / NRAU,dilapidations_survival_on_break,high,yes,yes,yes,no,no,no,no,no
PT_0095_office_Faro.pdf,break_option_issue,office,Seixal Steel Works S.A.,Lusitania Commercial Estates S.A.,501398373,554033173,"Avenida Defensores de Chaves 105, 8000-345 Faro, Portugal",2022-08-03,2032-08-03,"EUR 10,200 per month / EUR 122,400 per year",2027-08-03,4,CPI/INE annual,3,uso exclusivo de escritório e atividades administrativas,yes,landlord,120,240,Portuguese law / NRAU,dilapidations_survival_on_break,high,yes,yes,yes,no,no,no,no,no
PT_0096_office_Santarém.pdf,break_option_issue,office,Santarém Food Processing Lda.,Atlantic Estates Portugal Lda.,545877175,535560932,"Avenida da Liberdade 134, 2000-698 Santarém, Portugal",2023-05-06,2030-05-06,"EUR 20,400 per month / EUR 244,800 per year",2026-05-06,3,CPI/INE annual,2,uso exclusivo de escritório e atividades administrativas,yes,landlord,120,240,Portuguese law / NRAU,dilapidations_survival_on_break,high,yes,yes,yes,no,no,no,no,no
PT_0097_office_Lisboa.pdf,break_option_issue,office,Leiria Construction S.A.,Douro Capital Properties S.A.,569378547,577252287,"Rua do Ouro 278, 1100-636 Lisboa, Portugal",2021-06-02,2024-06-02,"EUR 23,400 per month / EUR 280,800 per year",2022-06-02,3,CPI/INE annual,2,uso exclusivo de escritório e atividades administrativas,yes,landlord,120,120,Portuguese law / NRAU,dilapidations_survival_on_break,high,yes,yes,yes,no,no,no,no,no
PT_0098_office_Lisboa.pdf,break_option_issue,office,Algarve Hospitality Group S.A.,Serra da Arrábida Properties Lda.,531203875,509977008,"Avenida de Berna 211, 1000-117 Lisboa, Portugal",2022-07-17,2029-07-17,"EUR 20,400 per month / EUR 244,800 per year",2025-07-17,3,CPI/INE annual,2,uso exclusivo de escritório e atividades administrativas,yes,landlord,120,240,Portuguese law / NRAU,dilapidations_survival_on_break,high,yes,yes,yes,no,no,no,no,no
PT_0099_office_Porto.pdf,break_option_issue,office,Loures Business Center S.A.,Costa Verde Real Estate S.A.,521182339,584546156,"Rua Braamcamp 290, 4100-813 Porto, Portugal",2024-11-01,2027-11-01,"EUR 9,600 per month / EUR 115,200 per year",2025-11-01,3,CPI/INE annual,2,uso exclusivo de escritório e atividades administrativas,yes,landlord,120,120,Portuguese law / NRAU,dilapidations_survival_on_break,high,yes,yes,yes,no,no,no,no,no
PT_0100_office_Porto.pdf,break_option_issue,office,Montijo Logistics Park S.A.,Tagus Commercial Properties S.A.,568700217,565918033,"Rua Joaquim António de Aguiar 244, 4200-147 Porto, Portugal",2022-07-29,2025-07-29,"EUR 19,500 per month / EUR 234,000 per year",2023-07-29,3,CPI/INE annual,2,uso exclusivo de escritório e atividades administrativas,yes,landlord,120,120,Portuguese law / NRAU,dilapidations_survival_on_break,high,yes,yes,yes,no,no,no,no,no
PT_0101_office_Évora.pdf,unusual_rent_review,office,Cascais Retail Partners S.A.,Lusitania Commercial Estates S.A.,526142939,568562185,"Rua Augusta 51, 7000-337 Évora, Portugal",2022-11-29,2032-11-29,"EUR 3,900 per month / EUR 46,800 per year",2027-11-29,4,open market upward-only — downward waiver,3,uso exclusivo de escritório e atividades administrativas,yes,landlord,120,240,Portuguese law / NRAU,upward_only_rent_review_waiver,medium,yes,yes,yes,no,yes,no,no,no
PT_0102_retail_Faro.pdf,unusual_rent_review,retail,Amadora Tech Solutions Lda.,Algarve Investment Fund SICAV-FIA,535866296,519431142,"Rua Castilho 79, 8000-424 Faro, Portugal",2021-07-07,2024-07-07,"EUR 3,500 per month / EUR 42,000 per year",2022-07-07,4,open market upward-only — downward waiver,3,comércio a retalho e atividades comerciais conexas,yes,landlord,120,120,Portuguese law / NRAU,upward_only_rent_review_waiver,medium,yes,yes,yes,no,yes,no,no,no
PT_0103_retail_Faro.pdf,unusual_rent_review,retail,Évora Agricultural Tech Lda.,Lisboa Property Fund S.A.,521267888,561015819,"Avenida Defensores de Chaves 167, 8000-112 Faro, Portugal",2023-03-06,2026-03-06,"EUR 11,300 per month / EUR 135,600 per year",2024-03-06,3,open market upward-only — downward waiver,2,comércio a retalho e atividades comerciais conexas,yes,landlord,120,120,Portuguese law / NRAU,upward_only_rent_review_waiver,medium,yes,yes,yes,no,yes,no,no,no
PT_0104_office_Guarda.pdf,unusual_rent_review,office,Barreiro Industrial Lda.,Iberian Real Estate Partners Lda.,524447212,564647154,"Rua Garrett 254, 6300-731 Guarda, Portugal",2021-08-08,2026-08-08,"EUR 13,700 per month / EUR 164,400 per year",2023-08-08,4,open market upward-only — downward waiver,3,uso exclusivo de escritório e atividades administrativas,yes,landlord,120,120,Portuguese law / NRAU,upward_only_rent_review_waiver,medium,yes,yes,yes,no,yes,no,no,no
PT_0105_retail_Viseu.pdf,unusual_rent_review,retail,Leiria Construction S.A.,Serra da Arrábida Properties Lda.,596575692,545937526,"Rua dos Correeiros 150, 3500-689 Viseu, Portugal",2022-10-30,2032-10-30,"EUR 7,000 per month / EUR 84,000 per year",2027-10-30,4,open market upward-only — downward waiver,3,comércio a retalho e atividades comerciais conexas,yes,landlord,120,240,Portuguese law / NRAU,upward_only_rent_review_waiver,medium,yes,yes,yes,no,yes,no,no,no
PT_0106_retail_Lisboa.pdf,unusual_rent_review,retail,Porto Digital Solutions Lda.,Montado Capital Fund SICAV,593982807,537416724,"Rua Garrett 130, 1400-832 Lisboa, Portugal",2021-06-01,2031-06-01,"EUR 10,400 per month / EUR 124,800 per year",2026-06-01,4,open market upward-only — downward waiver,3,comércio a retalho e atividades comerciais conexas,yes,landlord,120,240,Portuguese law / NRAU,upward_only_rent_review_waiver,medium,yes,yes,yes,no,yes,no,no,no
PT_0107_retail_Lisboa.pdf,unusual_rent_review,retail,Óbidos Heritage Commerce S.A.,Porto Heritage Properties Lda.,568058911,535290965,"Avenida Duque de Loulé 55, 1000-200 Lisboa, Portugal",2023-11-12,2028-11-12,"EUR 6,400 per month / EUR 76,800 per year",2025-11-12,4,open market upward-only — downward waiver,3,comércio a retalho e atividades comerciais conexas,yes,landlord,120,120,Portuguese law / NRAU,upward_only_rent_review_waiver,medium,yes,yes,yes,no,yes,no,no,no
PT_0108_retail_Viseu.pdf,unusual_rent_review,retail,Vila Franca Commerce Lda.,Costa Verde Real Estate S.A.,598250714,561125457,"Avenida Fontes Pereira de Melo 267, 3500-456 Viseu, Portugal",2023-06-17,2033-06-17,"EUR 3,200 per month / EUR 38,400 per year",2028-06-17,4,open market upward-only — downward waiver,3,comércio a retalho e atividades comerciais conexas,yes,landlord,120,240,Portuguese law / NRAU,upward_only_rent_review_waiver,medium,yes,yes,yes,no,yes,no,no,no
PT_0109_retail_Évora.pdf,unusual_rent_review,retail,Atlântico Retail Unipessoal Lda.,Costa Verde Real Estate S.A.,510512382,582586736,"Rua do Ouro 96, 7000-505 Évora, Portugal",2023-07-10,2033-07-10,"EUR 5,800 per month / EUR 69,600 per year",2028-07-10,4,open market upward-only — downward waiver,3,comércio a retalho e atividades comerciais conexas,yes,landlord,120,240,Portuguese law / NRAU,upward_only_rent_review_waiver,medium,yes,yes,yes,no,yes,no,no,no
PT_0110_office_Castelo_Branco.pdf,unusual_rent_review,office,Cascais Retail Partners S.A.,Atlantic Estates Portugal Lda.,519182553,571478596,"Avenida Defensores de Chaves 201, 6000-216 Castelo Branco, Portugal",2023-07-27,2028-07-27,"EUR 11,000 per month / EUR 132,000 per year",2025-07-27,4,open market upward-only — downward waiver,3,uso exclusivo de escritório e atividades administrativas,yes,landlord,120,120,Portuguese law / NRAU,upward_only_rent_review_waiver,medium,yes,yes,yes,no,yes,no,no,no
PT_0111_office_Lisboa.pdf,unusual_rent_review,office,Algarve Hospitality Group S.A.,Peninsular Property Trust SICAV,513412528,566929662,"Avenida Eng. Duarte Pacheco 276, 1500-668 Lisboa, Portugal",2022-08-15,2027-08-15,"EUR 14,500 per month / EUR 174,000 per year",2024-08-15,3,open market upward-only — downward waiver,2,uso exclusivo de escritório e atividades administrativas,yes,landlord,120,120,Portuguese law / NRAU,upward_only_rent_review_waiver,medium,yes,yes,yes,no,yes,no,no,no
PT_0112_retail_Porto.pdf,unusual_rent_review,retail,Moita Port Services Lda.,Fundo de Investimento Imobiliário Tejo SICAV-FIA,550723688,576767721,"Rua Joaquim António de Aguiar 16, 4100-399 Porto, Portugal",2022-04-06,2029-04-06,"EUR 7,800 per month / EUR 93,600 per year",2025-04-06,3,open market upward-only — downward waiver,2,comércio a retalho e atividades comerciais conexas,yes,landlord,120,240,Portuguese law / NRAU,upward_only_rent_review_waiver,medium,yes,yes,yes,no,yes,no,no,no
PT_0113_retail_Setúbal.pdf,unusual_rent_review,retail,Torres Vedras Agro S.A.,Porto Heritage Properties Lda.,519148580,578361340,"Rua Braamcamp 135, 2900-982 Setúbal, Portugal",2023-06-19,2026-06-19,"EUR 3,000 per month / EUR 36,000 per year",2024-06-19,3,open market upward-only — downward waiver,2,comércio a retalho e atividades comerciais conexas,yes,landlord,120,120,Portuguese law / NRAU,upward_only_rent_review_waiver,medium,yes,yes,yes,no,yes,no,no,no
PT_0114_retail_Porto.pdf,unusual_rent_review,retail,Moita Port Services Lda.,Minho Valley Properties Lda.,562923309,558498254,"Avenida 24 de Julho 294, 4200-978 Porto, Portugal",2021-10-05,2031-10-05,"EUR 3,200 per month / EUR 38,400 per year",2026-10-05,3,open market upward-only — downward waiver,2,comércio a retalho e atividades comerciais conexas,yes,landlord,120,240,Portuguese law / NRAU,upward_only_rent_review_waiver,medium,yes,yes,yes,no,yes,no,no,no
PT_0115_office_Viseu.pdf,unusual_rent_review,office,Algarve Hospitality Group S.A.,Douro Capital Properties S.A.,525367294,566711684,"Avenida João XXI 233, 3500-435 Viseu, Portugal",2021-07-10,2031-07-10,"EUR 2,000 per month / EUR 24,000 per year",2026-07-10,4,open market upward-only — downward waiver,3,uso exclusivo de escritório e atividades administrativas,yes,landlord,120,240,Portuguese law / NRAU,upward_only_rent_review_waiver,medium,yes,yes,yes,no,yes,no,no,no
PT_0116_retail_Lisboa.pdf,unusual_rent_review,retail,Cascais Retail Partners S.A.,Tagus Commercial Properties S.A.,537454589,529750017,"Avenida da Liberdade 64, 1500-551 Lisboa, Portugal",2023-05-27,2028-05-27,"EUR 800 per month / EUR 9,600 per year",2025-05-27,3,open market upward-only — downward waiver,2,comércio a retalho e atividades comerciais conexas,yes,landlord,120,120,Portuguese law / NRAU,upward_only_rent_review_waiver,medium,yes,yes,yes,no,yes,no,no,no
PT_0117_retail_Lisboa.pdf,unusual_rent_review,retail,EurobuildPT S.A.,Serra da Arrábida Properties Lda.,541541520,564361103,"Avenida Eng. Duarte Pacheco 40, 1400-707 Lisboa, Portugal",2024-10-24,2034-10-24,"EUR 14,000 per month / EUR 168,000 per year",2029-10-24,3,open market upward-only — downward waiver,2,comércio a retalho e atividades comerciais conexas,yes,landlord,120,240,Portuguese law / NRAU,upward_only_rent_review_waiver,medium,yes,yes,yes,no,yes,no,no,no
PT_0118_retail_Castelo_Branco.pdf,unusual_rent_review,retail,Porto Digital Solutions Lda.,Serra da Arrábida Properties Lda.,562713611,515542622,"Avenida Almirante Reis 272, 6000-108 Castelo Branco, Portugal",2023-06-21,2030-06-21,"EUR 5,000 per month / EUR 60,000 per year",2026-06-21,3,open market upward-only — downward waiver,2,comércio a retalho e atividades comerciais conexas,yes,landlord,120,240,Portuguese law / NRAU,upward_only_rent_review_waiver,medium,yes,yes,yes,no,yes,no,no,no
PT_0119_office_Lisboa.pdf,unusual_rent_review,office,Odivelas Commerce Lda.,Lusitania Commercial Estates S.A.,573112196,556523413,"Avenida de Berna 146, 1000-968 Lisboa, Portugal",2022-09-10,2027-09-10,"EUR 18,800 per month / EUR 225,600 per year",2024-09-10,3,open market upward-only — downward waiver,2,uso exclusivo de escritório e atividades administrativas,yes,landlord,120,120,Portuguese law / NRAU,upward_only_rent_review_waiver,medium,yes,yes,yes,no,yes,no,no,no
PT_0120_retail_Santarém.pdf,unusual_rent_review,retail,Viseu Industrial Group S.A.,Minho Valley Properties Lda.,503761379,518055269,"Avenida Duque de Loulé 188, 2000-799 Santarém, Portugal",2021-05-30,2024-05-30,"EUR 12,800 per month / EUR 153,600 per year",2022-05-30,3,open market upward-only — downward waiver,2,comércio a retalho e atividades comerciais conexas,yes,landlord,120,120,Portuguese law / NRAU,upward_only_rent_review_waiver,medium,yes,yes,yes,no,yes,no,no,no
PT_0121_retail_Porto.pdf,assignment_restriction,retail,Cascais Retail Partners S.A.,Fundo de Investimento Imobiliário Tejo SICAV-FIA,506848666,518892414,"Avenida Almirante Reis 262, 4000-927 Porto, Portugal",2022-11-01,2032-11-01,"EUR 14,500 per month / EUR 174,000 per year",2027-11-01,3,CPI/INE annual,2,comércio a retalho e atividades comerciais conexas,yes,landlord,120,240,Portuguese law / NRAU,absolute_assignment_prohibition,high,yes,yes,yes,yes,no,no,no,no
PT_0122_warehouse_Setúbal.pdf,assignment_restriction,warehouse,Loures Business Center S.A.,Alentejo Land Fund SICAV-FIA,530316179,590421020,"Rua do Ouro 255, 2900-635 Setúbal, Portugal",2022-06-15,2027-06-15,"EUR 19,900 per month / EUR 238,800 per year",2024-06-15,4,CPI/INE annual,3,"armazenagem, logística e operações industriais",yes,landlord,120,120,Portuguese law / NRAU,absolute_assignment_prohibition,high,yes,yes,yes,yes,no,no,no,no
PT_0123_warehouse_Setúbal.pdf,assignment_restriction,warehouse,Évora Agricultural Tech Lda.,Alentejo Land Fund SICAV-FIA,510564814,591778507,"Rua Joaquim António de Aguiar 86, 2900-261 Setúbal, Portugal",2024-03-21,2027-03-21,"EUR 4,100 per month / EUR 49,200 per year",2025-03-21,3,CPI/INE annual,2,"armazenagem, logística e operações industriais",yes,landlord,120,120,Portuguese law / NRAU,absolute_assignment_prohibition,high,yes,yes,yes,yes,no,no,no,no
PT_0124_warehouse_Castelo_Branco.pdf,assignment_restriction,warehouse,Tecnidata Sistemas Lda.,Fundo de Investimento Imobiliário Tejo SICAV-FIA,503075622,508635365,"Praça do Comércio 40, 6000-481 Castelo Branco, Portugal",2024-10-10,2027-10-10,"EUR 14,300 per month / EUR 171,600 per year",2025-10-10,3,CPI/INE annual,2,"armazenagem, logística e operações industriais",yes,landlord,120,120,Portuguese law / NRAU,absolute_assignment_prohibition,high,yes,yes,yes,yes,no,no,no,no
PT_0125_warehouse_Castelo_Branco.pdf,assignment_restriction,warehouse,Atlântico Retail Unipessoal Lda.,Tagus Commercial Properties S.A.,517445187,505349493,"Rua Braamcamp 189, 6000-605 Castelo Branco, Portugal",2022-05-18,2027-05-18,"EUR 15,400 per month / EUR 184,800 per year",2024-05-18,3,CPI/INE annual,2,"armazenagem, logística e operações industriais",yes,landlord,120,120,Portuguese law / NRAU,absolute_assignment_prohibition,high,yes,yes,yes,yes,no,no,no,no
PT_0126_office_Leiria.pdf,assignment_restriction,office,Faro Logistics Unipessoal Lda.,Porto Heritage Properties Lda.,550506413,583670241,"Rua Augusta 119, 2400-522 Leiria, Portugal",2023-02-02,2033-02-02,"EUR 24,900 per month / EUR 298,800 per year",2028-02-02,3,CPI/INE annual,2,uso exclusivo de escritório e atividades administrativas,yes,landlord,120,240,Portuguese law / NRAU,absolute_assignment_prohibition,high,yes,yes,yes,yes,no,no,no,no
PT_0127_office_Porto.pdf,assignment_restriction,office,Peniche Maritime S.A.,Iberian Real Estate Partners Lda.,561990623,544565574,"Rua Garrett 39, 4000-239 Porto, Portugal",2024-04-12,2027-04-12,"EUR 21,700 per month / EUR 260,400 per year",2025-04-12,3,CPI/INE annual,2,uso exclusivo de escritório e atividades administrativas,yes,landlord,120,120,Portuguese law / NRAU,absolute_assignment_prohibition,high,yes,yes,yes,yes,no,no,no,no
PT_0128_office_Lisboa.pdf,assignment_restriction,office,Amadora Tech Solutions Lda.,Algarve Investment Fund SICAV-FIA,556185374,574112490,"Avenida Fontes Pereira de Melo 168, 1400-193 Lisboa, Portugal",2022-12-30,2032-12-30,"EUR 8,300 per month / EUR 99,600 per year",2027-12-30,3,CPI/INE annual,2,uso exclusivo de escritório e atividades administrativas,yes,landlord,120,240,Portuguese law / NRAU,absolute_assignment_prohibition,high,yes,yes,yes,yes,no,no,no,no
PT_0129_retail_Setúbal.pdf,assignment_restriction,retail,Coimbra Medical Supplies S.A.,Serra da Arrábida Properties Lda.,520678831,571210032,"Avenida Fontes Pereira de Melo 206, 2900-802 Setúbal, Portugal",2024-04-07,2031-04-07,"EUR 2,900 per month / EUR 34,800 per year",2027-04-07,3,CPI/INE annual,2,comércio a retalho e atividades comerciais conexas,yes,landlord,120,240,Portuguese law / NRAU,absolute_assignment_prohibition,high,yes,yes,yes,yes,no,no,no,no
PT_0130_office_Porto.pdf,assignment_restriction,office,Braga Tech Hub Lda.,Montado Capital Fund SICAV,572151070,529667066,"Rua do Ouro 182, 4000-291 Porto, Portugal",2023-07-03,2028-07-03,"EUR 9,100 per month / EUR 109,200 per year",2025-07-03,3,CPI/INE annual,2,uso exclusivo de escritório e atividades administrativas,yes,landlord,120,120,Portuguese law / NRAU,absolute_assignment_prohibition,high,yes,yes,yes,yes,no,no,no,no
PT_0131_warehouse_Viseu.pdf,assignment_restriction,warehouse,Moita Port Services Lda.,Douro Capital Properties S.A.,547687014,562638380,"Rua Castilho 184, 3500-657 Viseu, Portugal",2024-03-04,2031-03-04,"EUR 10,300 per month / EUR 123,600 per year",2027-03-04,4,CPI/INE annual,3,"armazenagem, logística e operações industriais",yes,landlord,120,240,Portuguese law / NRAU,absolute_assignment_prohibition,high,yes,yes,yes,yes,no,no,no,no
PT_0132_office_Castelo_Branco.pdf,assignment_restriction,office,Grupo Meridiano S.A.,Peninsular Property Trust SICAV,593040785,593213348,"Rua Augusta 113, 6000-966 Castelo Branco, Portugal",2022-12-28,2027-12-28,"EUR 11,900 per month / EUR 142,800 per year",2024-12-28,3,CPI/INE annual,2,uso exclusivo de escritório e atividades administrativas,yes,landlord,120,120,Portuguese law / NRAU,absolute_assignment_prohibition,high,yes,yes,yes,yes,no,no,no,no
PT_0133_warehouse_Guarda.pdf,assignment_restriction,warehouse,Aveiro Marine Lda.,Costa Verde Real Estate S.A.,559059929,537842701,"Rua Augusta 120, 6300-324 Guarda, Portugal",2023-09-06,2026-09-06,"EUR 14,900 per month / EUR 178,800 per year",2024-09-06,4,CPI/INE annual,3,"armazenagem, logística e operações industriais",yes,landlord,120,120,Portuguese law / NRAU,absolute_assignment_prohibition,high,yes,yes,yes,yes,no,no,no,no
PT_0134_office_Lisboa.pdf,assignment_restriction,office,Algarve Hospitality Group S.A.,Peninsular Property Trust SICAV,525002921,585156915,"Avenida 24 de Julho 166, 1400-261 Lisboa, Portugal",2024-08-02,2034-08-02,"EUR 13,100 per month / EUR 157,200 per year",2029-08-02,4,CPI/INE annual,3,uso exclusivo de escritório e atividades administrativas,yes,landlord,120,240,Portuguese law / NRAU,absolute_assignment_prohibition,high,yes,yes,yes,yes,no,no,no,no
PT_0135_warehouse_Guarda.pdf,assignment_restriction,warehouse,Torres Vedras Agro S.A.,Alentejo Land Fund SICAV-FIA,595392644,522096902,"Avenida Defensores de Chaves 163, 6300-326 Guarda, Portugal",2021-08-02,2031-08-02,"EUR 15,900 per month / EUR 190,800 per year",2026-08-02,3,CPI/INE annual,2,"armazenagem, logística e operações industriais",yes,landlord,120,240,Portuguese law / NRAU,absolute_assignment_prohibition,high,yes,yes,yes,yes,no,no,no,no
PT_0136_warehouse_Évora.pdf,assignment_restriction,warehouse,NovaBuild Construções S.A.,Douro Capital Properties S.A.,555215704,533154100,"Rua Castilho 225, 7000-270 Évora, Portugal",2023-02-15,2030-02-15,"EUR 14,100 per month / EUR 169,200 per year",2026-02-15,4,CPI/INE annual,3,"armazenagem, logística e operações industriais",yes,landlord,120,240,Portuguese law / NRAU,absolute_assignment_prohibition,high,yes,yes,yes,yes,no,no,no,no
PT_0137_retail_Coimbra.pdf,assignment_restriction,retail,Palmela Auto Components Lda.,Minho Valley Properties Lda.,532710405,541152621,"Avenida de Berna 48, 3000-708 Coimbra, Portugal",2024-12-13,2027-12-13,"EUR 13,100 per month / EUR 157,200 per year",2025-12-13,4,CPI/INE annual,3,comércio a retalho e atividades comerciais conexas,yes,landlord,120,120,Portuguese law / NRAU,absolute_assignment_prohibition,high,yes,yes,yes,yes,no,no,no,no
PT_0138_office_Santarém.pdf,assignment_restriction,office,Seixal Steel Works S.A.,Montado Capital Fund SICAV,562015336,588444310,"Rua Castilho 293, 2000-960 Santarém, Portugal",2021-04-22,2028-04-22,"EUR 5,900 per month / EUR 70,800 per year",2024-04-22,3,CPI/INE annual,2,uso exclusivo de escritório e atividades administrativas,yes,landlord,120,240,Portuguese law / NRAU,absolute_assignment_prohibition,high,yes,yes,yes,yes,no,no,no,no
PT_0139_office_Faro.pdf,assignment_restriction,office,Viseu Industrial Group S.A.,Serra da Arrábida Properties Lda.,597310324,517146774,"Avenida Almirante Reis 279, 8000-289 Faro, Portugal",2023-02-21,2030-02-21,"EUR 24,600 per month / EUR 295,200 per year",2026-02-21,3,CPI/INE annual,2,uso exclusivo de escritório e atividades administrativas,yes,landlord,120,240,Portuguese law / NRAU,absolute_assignment_prohibition,high,yes,yes,yes,yes,no,no,no,no
PT_0140_office_Évora.pdf,assignment_restriction,office,Coimbra Medical Supplies S.A.,Algarve Investment Fund SICAV-FIA,574349021,515869380,"Rua Castilho 268, 7000-648 Évora, Portugal",2023-08-31,2028-08-31,"EUR 24,100 per month / EUR 289,200 per year",2025-08-31,4,CPI/INE annual,3,uso exclusivo de escritório e atividades administrativas,yes,landlord,120,120,Portuguese law / NRAU,absolute_assignment_prohibition,high,yes,yes,yes,yes,no,no,no,no
PT_0141_missing_fields_Castelo_Branco.pdf,missing_mandatory_fields,office,Montijo Logistics Park S.A.,Montado Capital Fund SICAV,,,"Rua Augusta 258, 6000-629 Castelo Branco, Portugal",2024-10-19,2027-10-19,"EUR 16,600 per month",,,,2,,no,not stated,,,not stated,missing_nif|missing_financas|missing_governing_law,high,no,no,no,no,no,no,no,no
PT_0142_missing_fields_Porto.pdf,missing_mandatory_fields,office,Amadora Tech Solutions Lda.,Iberian Real Estate Partners Lda.,,,"Rua do Ouro 109, 4000-229 Porto, Portugal",2021-06-10,2026-06-10,"EUR 12,800 per month",,,,2,,no,not stated,,,not stated,missing_nif|missing_financas|missing_governing_law,high,no,no,no,no,no,no,no,no
PT_0143_missing_fields_Coimbra.pdf,missing_mandatory_fields,office,Tagus Trading Lda.,Serra da Arrábida Properties Lda.,,,"Avenida Defensores de Chaves 133, 3000-844 Coimbra, Portugal",2021-06-28,2026-06-28,"EUR 3,700 per month",,,,2,,no,not stated,,,not stated,missing_nif|missing_financas|missing_governing_law,high,no,no,no,no,no,no,no,no
PT_0144_missing_fields_Aveiro.pdf,missing_mandatory_fields,retail,Torres Vedras Agro S.A.,Peninsular Property Trust SICAV,,,"Praça do Comércio 267, 3800-994 Aveiro, Portugal",2023-05-10,2026-05-10,"EUR 14,100 per month",,,,2,,no,not stated,,,not stated,missing_nif|missing_financas|missing_governing_law,high,no,no,no,no,no,no,no,no
PT_0145_missing_fields_Lisboa.pdf,missing_mandatory_fields,retail,Tagus Trading Lda.,Iberian Real Estate Partners Lda.,,,"Rua Joaquim António de Aguiar 299, 1300-208 Lisboa, Portugal",2022-08-09,2027-08-09,"EUR 3,300 per month",,,,2,,no,not stated,,,not stated,missing_nif|missing_financas|missing_governing_law,high,no,no,no,no,no,no,no,no
PT_0146_missing_fields_Guarda.pdf,missing_mandatory_fields,retail,Coimbra Medical Supplies S.A.,Tagus Commercial Properties S.A.,,,"Avenida Eng. Duarte Pacheco 293, 6300-584 Guarda, Portugal",2022-07-19,2027-07-19,"EUR 5,200 per month",,,,2,,no,not stated,,,not stated,missing_nif|missing_financas|missing_governing_law,high,no,no,no,no,no,no,no,no
PT_0147_missing_fields_Faro.pdf,missing_mandatory_fields,office,Moita Port Services Lda.,Lusitania Commercial Estates S.A.,,,"Rua Castilho 20, 8000-439 Faro, Portugal",2021-04-11,2026-04-11,"EUR 8,000 per month",,,,2,,no,not stated,,,not stated,missing_nif|missing_financas|missing_governing_law,high,no,no,no,no,no,no,no,no
PT_0148_missing_fields_Braga.pdf,missing_mandatory_fields,retail,Almada Retail S.A.,Fundo de Investimento Imobiliário Tejo SICAV-FIA,,,"Rua dos Correeiros 156, 4700-387 Braga, Portugal",2024-11-26,2027-11-26,"EUR 13,300 per month",,,,2,,no,not stated,,,not stated,missing_nif|missing_financas|missing_governing_law,high,no,no,no,no,no,no,no,no
PT_0149_missing_fields_Porto.pdf,missing_mandatory_fields,office,Algarve Hospitality Group S.A.,Atlantic Estates Portugal Lda.,,,"Rua Braamcamp 165, 4200-846 Porto, Portugal",2024-08-15,2027-08-15,"EUR 17,400 per month",,,,2,,no,not stated,,,not stated,missing_nif|missing_financas|missing_governing_law,high,no,no,no,no,no,no,no,no
PT_0150_missing_fields_Leiria.pdf,missing_mandatory_fields,office,Amadora Tech Solutions Lda.,Douro Capital Properties S.A.,,,"Avenida Duque de Loulé 249, 2400-988 Leiria, Portugal",2021-04-26,2024-04-26,"EUR 23,000 per month",,,,2,,no,not stated,,,not stated,missing_nif|missing_financas|missing_governing_law,high,no,no,no,no,no,no,no,no
PT_0151_missing_fields_Lisboa.pdf,missing_mandatory_fields,office,Funchal Tourism Services Lda.,Alentejo Land Fund SICAV-FIA,,,"Rua Latino Coelho 207, 1400-899 Lisboa, Portugal",2024-03-10,2027-03-10,"EUR 15,400 per month",,,,2,,no,not stated,,,not stated,missing_nif|missing_financas|missing_governing_law,high,no,no,no,no,no,no,no,no
PT_0152_missing_fields_Porto.pdf,missing_mandatory_fields,office,Braga Tech Hub Lda.,Montado Capital Fund SICAV,,,"Avenida Fontes Pereira de Melo 30, 4100-133 Porto, Portugal",2023-01-09,2026-01-09,"EUR 3,200 per month",,,,2,,no,not stated,,,not stated,missing_nif|missing_financas|missing_governing_law,high,no,no,no,no,no,no,no,no
PT_0153_missing_fields_Faro.pdf,missing_mandatory_fields,retail,Almada Retail S.A.,Serra da Arrábida Properties Lda.,,,"Rua Braamcamp 259, 8000-750 Faro, Portugal",2024-10-27,2027-10-27,"EUR 3,900 per month",,,,2,,no,not stated,,,not stated,missing_nif|missing_financas|missing_governing_law,high,no,no,no,no,no,no,no,no
PT_0154_missing_fields_Lisboa.pdf,missing_mandatory_fields,office,Almada Retail S.A.,Algarve Investment Fund SICAV-FIA,,,"Avenida Defensores de Chaves 229, 1500-991 Lisboa, Portugal",2024-02-04,2029-02-04,"EUR 17,000 per month",,,,2,,no,not stated,,,not stated,missing_nif|missing_financas|missing_governing_law,high,no,no,no,no,no,no,no,no
PT_0155_missing_fields_Braga.pdf,missing_mandatory_fields,retail,EurobuildPT S.A.,Serra da Arrábida Properties Lda.,,,"Praça do Comércio 47, 4700-128 Braga, Portugal",2021-11-30,2024-11-30,"EUR 2,000 per month",,,,2,,no,not stated,,,not stated,missing_nif|missing_financas|missing_governing_law,high,no,no,no,no,no,no,no,no
PT_0156_retail_Setúbal.pdf,short_term,retail,Faro Logistics Unipessoal Lda.,Minho Valley Properties Lda.,534680072,529034944,"Avenida Duque de Loulé 193, 2900-570 Setúbal, Portugal",2023-04-15,2024-03-16,"EUR 6,300 per month / EUR 75,600 per year",,4,CPI/INE annual,3,comércio a retalho e atividades comerciais conexas,yes,landlord,60,60,Portuguese law / NRAU,none,low,yes,yes,yes,no,no,no,no,no
PT_0157_retail_Porto.pdf,short_term,retail,Peniche Maritime S.A.,Minho Valley Properties Lda.,558994417,515454443,"Avenida da República 265, 4100-158 Porto, Portugal",2023-01-27,2023-10-27,"EUR 11,100 per month / EUR 133,200 per year",,3,CPI/INE annual,2,comércio a retalho e atividades comerciais conexas,yes,landlord,60,60,Portuguese law / NRAU,none,low,yes,yes,yes,no,no,no,no,no
PT_0158_office_Lisboa.pdf,short_term,office,Viseu Industrial Group S.A.,Atlantic Estates Portugal Lda.,566609935,538758428,"Rua do Ouro 151, 1300-582 Lisboa, Portugal",2023-04-02,2024-03-03,"EUR 20,900 per month / EUR 250,800 per year",,4,CPI/INE annual,3,uso exclusivo de escritório e atividades administrativas,yes,landlord,60,60,Portuguese law / NRAU,none,low,yes,yes,yes,no,no,no,no,no
PT_0159_retail_Lisboa.pdf,short_term,retail,Santarém Food Processing Lda.,Douro Capital Properties S.A.,546554947,517099917,"Avenida Fontes Pereira de Melo 257, 1300-988 Lisboa, Portugal",2023-06-04,2024-05-05,"EUR 10,500 per month / EUR 126,000 per year",,4,CPI/INE annual,3,comércio a retalho e atividades comerciais conexas,yes,landlord,60,60,Portuguese law / NRAU,none,low,yes,yes,yes,no,no,no,no,no
PT_0160_retail_Lisboa.pdf,short_term,retail,Braga Tech Hub Lda.,Peninsular Property Trust SICAV,569725217,552500743,"Rua do Ouro 296, 1500-601 Lisboa, Portugal",2024-03-15,2024-12-15,"EUR 3,000 per month / EUR 36,000 per year",,4,CPI/INE annual,3,comércio a retalho e atividades comerciais conexas,yes,landlord,60,60,Portuguese law / NRAU,none,low,yes,yes,yes,no,no,no,no,no
PT_0161_office_Castelo_Branco.pdf,short_term,office,Barreiro Industrial Lda.,Fundo de Investimento Imobiliário Tejo SICAV-FIA,508350583,500335421,"Rua Castilho 258, 6000-413 Castelo Branco, Portugal",2024-06-16,2025-05-17,"EUR 3,600 per month / EUR 43,200 per year",,4,CPI/INE annual,3,uso exclusivo de escritório e atividades administrativas,yes,landlord,60,60,Portuguese law / NRAU,none,low,yes,yes,yes,no,no,no,no,no
PT_0162_office_Lisboa.pdf,short_term,office,Loures Business Center S.A.,Montado Capital Fund SICAV,525753260,533230982,"Rua de São Bento 188, 1100-484 Lisboa, Portugal",2023-04-21,2024-03-22,"EUR 18,300 per month / EUR 219,600 per year",,3,CPI/INE annual,2,uso exclusivo de escritório e atividades administrativas,yes,landlord,60,60,Portuguese law / NRAU,none,low,yes,yes,yes,no,no,no,no,no
PT_0163_retail_Évora.pdf,short_term,retail,Iberostar Logistics Lda.,Alentejo Land Fund SICAV-FIA,516761847,523046184,"Avenida Defensores de Chaves 71, 7000-950 Évora, Portugal",2023-04-19,2024-03-20,"EUR 3,400 per month / EUR 40,800 per year",,4,CPI/INE annual,3,comércio a retalho e atividades comerciais conexas,yes,landlord,60,60,Portuguese law / NRAU,none,low,yes,yes,yes,no,no,no,no,no
PT_0164_office_Lisboa.pdf,short_term,office,Braga Tech Hub Lda.,Lusitania Commercial Estates S.A.,534835642,508737530,"Avenida da Liberdade 46, 1300-955 Lisboa, Portugal",2023-03-18,2023-12-18,"EUR 19,100 per month / EUR 229,200 per year",,3,CPI/INE annual,2,uso exclusivo de escritório e atividades administrativas,yes,landlord,60,60,Portuguese law / NRAU,none,low,yes,yes,yes,no,no,no,no,no
PT_0165_retail_Lisboa.pdf,short_term,retail,Coimbra Medical Supplies S.A.,Minho Valley Properties Lda.,537447012,504556110,"Avenida da Liberdade 71, 1500-436 Lisboa, Portugal",2023-12-17,2024-11-17,"EUR 12,000 per month / EUR 144,000 per year",,3,CPI/INE annual,2,comércio a retalho e atividades comerciais conexas,yes,landlord,60,60,Portuguese law / NRAU,none,low,yes,yes,yes,no,no,no,no,no
PT_0166_retail_Guarda.pdf,short_term,retail,Porto Digital Solutions Lda.,Tagus Commercial Properties S.A.,567467621,520216979,"Rua Braamcamp 93, 6300-488 Guarda, Portugal",2024-05-14,2025-04-14,"EUR 9,900 per month / EUR 118,800 per year",,3,CPI/INE annual,2,comércio a retalho e atividades comerciais conexas,yes,landlord,60,60,Portuguese law / NRAU,none,low,yes,yes,yes,no,no,no,no,no
PT_0167_retail_Faro.pdf,short_term,retail,Odivelas Commerce Lda.,Algarve Investment Fund SICAV-FIA,501450899,535889163,"Avenida Eng. Duarte Pacheco 178, 8000-252 Faro, Portugal",2023-06-19,2024-05-20,"EUR 2,100 per month / EUR 25,200 per year",,4,CPI/INE annual,3,comércio a retalho e atividades comerciais conexas,yes,landlord,60,60,Portuguese law / NRAU,none,low,yes,yes,yes,no,no,no,no,no
PT_0168_retail_Coimbra.pdf,short_term,retail,Caldas da Rainha Industrial Lda.,Peninsular Property Trust SICAV,535408386,563177971,"Avenida Eng. Duarte Pacheco 229, 3000-221 Coimbra, Portugal",2024-07-24,2025-06-24,"EUR 1,200 per month / EUR 14,400 per year",,4,CPI/INE annual,3,comércio a retalho e atividades comerciais conexas,yes,landlord,60,60,Portuguese law / NRAU,none,low,yes,yes,yes,no,no,no,no,no
PT_0169_retail_Aveiro.pdf,short_term,retail,SolTejo Energia Lda.,Costa Verde Real Estate S.A.,599488375,550375899,"Avenida Eng. Duarte Pacheco 187, 3800-216 Aveiro, Portugal",2023-10-26,2024-09-26,"EUR 6,400 per month / EUR 76,800 per year",,4,CPI/INE annual,3,comércio a retalho e atividades comerciais conexas,yes,landlord,60,60,Portuguese law / NRAU,none,low,yes,yes,yes,no,no,no,no,no
PT_0170_office_Castelo_Branco.pdf,short_term,office,Lusitana Pharma S.A.,Fundo de Investimento Imobiliário Tejo SICAV-FIA,527261493,531637351,"Avenida Duque de Loulé 24, 6000-226 Castelo Branco, Portugal",2023-01-05,2023-10-05,"EUR 24,800 per month / EUR 297,600 per year",,3,CPI/INE annual,2,uso exclusivo de escritório e atividades administrativas,yes,landlord,60,60,Portuguese law / NRAU,none,low,yes,yes,yes,no,no,no,no,no
PT_0171_office_Guarda.pdf,high_risk_combination,office,Nazaré Tourism Lda.,Alentejo Land Fund SICAV-FIA,508697829,522169958,"Rua Castilho 215, 6300-809 Guarda, Portugal",2022-07-15,2032-07-15,"EUR 8,300 per month / EUR 99,600 per year",2027-07-15,4,CPI/INE annual,3,uso exclusivo de escritório e atividades administrativas,yes,landlord,120,240,Portuguese law / NRAU,unlimited_guarantor|absolute_assignment_prohibition|dilapidations_survival_on_break,high,yes,yes,yes,yes,no,no,no,no
PT_0172_office_Évora.pdf,high_risk_combination,office,Aveiro Marine Lda.,Alentejo Land Fund SICAV-FIA,583339452,528851587,"Rua Joaquim António de Aguiar 293, 7000-790 Évora, Portugal",2023-12-30,2030-12-30,"EUR 24,800 per month / EUR 297,600 per year",2026-12-30,4,CPI/INE annual,3,uso exclusivo de escritório e atividades administrativas,yes,landlord,120,240,Portuguese law / NRAU,unlimited_guarantor|absolute_assignment_prohibition|dilapidations_survival_on_break,high,yes,yes,yes,yes,no,no,no,no
PT_0173_office_Leiria.pdf,high_risk_combination,office,Évora Agricultural Tech Lda.,Costa Verde Real Estate S.A.,524420438,505719838,"Rua Castilho 122, 2400-903 Leiria, Portugal",2024-11-26,2031-11-26,"EUR 22,400 per month / EUR 268,800 per year",2027-11-26,3,CPI/INE annual,2,uso exclusivo de escritório e atividades administrativas,yes,landlord,120,240,Portuguese law / NRAU,unlimited_guarantor|absolute_assignment_prohibition|dilapidations_survival_on_break,high,yes,yes,yes,yes,no,no,no,no
PT_0174_office_Évora.pdf,high_risk_combination,office,Moita Port Services Lda.,Serra da Arrábida Properties Lda.,573598933,547212281,"Rua Castilho 21, 7000-385 Évora, Portugal",2021-09-24,2026-09-24,"EUR 8,700 per month / EUR 104,400 per year",2023-09-24,4,CPI/INE annual,3,uso exclusivo de escritório e atividades administrativas,yes,landlord,120,120,Portuguese law / NRAU,unlimited_guarantor|absolute_assignment_prohibition|dilapidations_survival_on_break,high,yes,yes,yes,yes,no,no,no,no
PT_0175_office_Lisboa.pdf,high_risk_combination,office,Moita Port Services Lda.,Serra da Arrábida Properties Lda.,547985158,532818268,"Avenida de Berna 207, 1200-457 Lisboa, Portugal",2022-03-13,2029-03-13,"EUR 24,600 per month / EUR 295,200 per year",2025-03-13,4,CPI/INE annual,3,uso exclusivo de escritório e atividades administrativas,yes,landlord,120,240,Portuguese law / NRAU,unlimited_guarantor|absolute_assignment_prohibition|dilapidations_survival_on_break,high,yes,yes,yes,yes,no,no,no,no
PT_0176_office_Viseu.pdf,high_risk_combination,office,Santarém Food Processing Lda.,Algarve Investment Fund SICAV-FIA,539930561,564840858,"Rua Latino Coelho 229, 3500-144 Viseu, Portugal",2024-08-27,2029-08-27,"EUR 24,900 per month / EUR 298,800 per year",2026-08-27,4,CPI/INE annual,3,uso exclusivo de escritório e atividades administrativas,yes,landlord,120,120,Portuguese law / NRAU,unlimited_guarantor|absolute_assignment_prohibition|dilapidations_survival_on_break,high,yes,yes,yes,yes,no,no,no,no
PT_0177_office_Castelo_Branco.pdf,high_risk_combination,office,Cascais Retail Partners S.A.,Serra da Arrábida Properties Lda.,561386120,575011024,"Avenida de Berna 37, 6000-941 Castelo Branco, Portugal",2023-04-15,2033-04-15,"EUR 8,600 per month / EUR 103,200 per year",2028-04-15,4,CPI/INE annual,3,uso exclusivo de escritório e atividades administrativas,yes,landlord,120,240,Portuguese law / NRAU,unlimited_guarantor|absolute_assignment_prohibition|dilapidations_survival_on_break,high,yes,yes,yes,yes,no,no,no,no
PT_0178_office_Porto.pdf,high_risk_combination,office,Moita Port Services Lda.,Lisboa Property Fund S.A.,590158144,591476607,"Rua do Ouro 274, 4100-239 Porto, Portugal",2024-01-23,2031-01-23,"EUR 12,000 per month / EUR 144,000 per year",2027-01-23,3,CPI/INE annual,2,uso exclusivo de escritório e atividades administrativas,yes,landlord,120,240,Portuguese law / NRAU,unlimited_guarantor|absolute_assignment_prohibition|dilapidations_survival_on_break,high,yes,yes,yes,yes,no,no,no,no
PT_0179_office_Lisboa.pdf,high_risk_combination,office,Palmela Auto Components Lda.,Lusitania Commercial Estates S.A.,568814353,568222394,"Avenida Fontes Pereira de Melo 59, 1500-787 Lisboa, Portugal",2021-04-22,2031-04-22,"EUR 16,500 per month / EUR 198,000 per year",2026-04-22,3,CPI/INE annual,2,uso exclusivo de escritório e atividades administrativas,yes,landlord,120,240,Portuguese law / NRAU,unlimited_guarantor|absolute_assignment_prohibition|dilapidations_survival_on_break,high,yes,yes,yes,yes,no,no,no,no
PT_0180_office_Évora.pdf,high_risk_combination,office,Algarve Hospitality Group S.A.,Minho Valley Properties Lda.,531491357,575949299,"Avenida João XXI 162, 7000-272 Évora, Portugal",2022-05-20,2027-05-20,"EUR 10,000 per month / EUR 120,000 per year",2024-05-20,4,CPI/INE annual,3,uso exclusivo de escritório e atividades administrativas,yes,landlord,120,120,Portuguese law / NRAU,unlimited_guarantor|absolute_assignment_prohibition|dilapidations_survival_on_break,high,yes,yes,yes,yes,no,no,no,no
PT_0181_office_Lisboa.pdf,high_risk_combination,office,Caldas da Rainha Industrial Lda.,Porto Heritage Properties Lda.,512914283,541108099,"Rua Castilho 109, 1100-664 Lisboa, Portugal",2024-01-11,2034-01-11,"EUR 15,900 per month / EUR 190,800 per year",2029-01-11,3,CPI/INE annual,2,uso exclusivo de escritório e atividades administrativas,yes,landlord,120,240,Portuguese law / NRAU,unlimited_guarantor|absolute_assignment_prohibition|dilapidations_survival_on_break,high,yes,yes,yes,yes,no,no,no,no
PT_0182_office_Viseu.pdf,high_risk_combination,office,SolTejo Energia Lda.,Tagus Commercial Properties S.A.,558039282,572299275,"Rua Augusta 113, 3500-337 Viseu, Portugal",2023-01-27,2028-01-27,"EUR 8,700 per month / EUR 104,400 per year",2025-01-27,3,CPI/INE annual,2,uso exclusivo de escritório e atividades administrativas,yes,landlord,120,120,Portuguese law / NRAU,unlimited_guarantor|absolute_assignment_prohibition|dilapidations_survival_on_break,high,yes,yes,yes,yes,no,no,no,no
PT_0183_office_Setúbal.pdf,high_risk_combination,office,Aveiro Marine Lda.,Lisboa Property Fund S.A.,584498926,565918463,"Rua Latino Coelho 208, 2900-936 Setúbal, Portugal",2023-09-25,2033-09-25,"EUR 10,800 per month / EUR 129,600 per year",2028-09-25,3,CPI/INE annual,2,uso exclusivo de escritório e atividades administrativas,yes,landlord,120,240,Portuguese law / NRAU,unlimited_guarantor|absolute_assignment_prohibition|dilapidations_survival_on_break,high,yes,yes,yes,yes,no,no,no,no
PT_0184_office_Lisboa.pdf,high_risk_combination,office,Tagus Trading Lda.,Iberian Real Estate Partners Lda.,525913651,577739260,"Rua Garrett 23, 1400-687 Lisboa, Portugal",2021-10-03,2024-10-03,"EUR 6,100 per month / EUR 73,200 per year",2022-10-03,3,CPI/INE annual,2,uso exclusivo de escritório e atividades administrativas,yes,landlord,120,120,Portuguese law / NRAU,unlimited_guarantor|absolute_assignment_prohibition|dilapidations_survival_on_break,high,yes,yes,yes,yes,no,no,no,no
PT_0185_office_Guarda.pdf,high_risk_combination,office,Viseu Industrial Group S.A.,Lisboa Property Fund S.A.,537977236,592929842,"Rua dos Correeiros 233, 6300-704 Guarda, Portugal",2023-02-14,2033-02-14,"EUR 7,800 per month / EUR 93,600 per year",2028-02-14,3,CPI/INE annual,2,uso exclusivo de escritório e atividades administrativas,yes,landlord,120,240,Portuguese law / NRAU,unlimited_guarantor|absolute_assignment_prohibition|dilapidations_survival_on_break,high,yes,yes,yes,yes,no,no,no,no
PT_0186_retail_Évora.pdf,compliance_issue,retail,Queluz Retail Group S.A.,Montado Capital Fund SICAV,599088117,529806865,"Rua Augusta 272, 7000-334 Évora, Portugal",2023-02-20,2030-02-20,"EUR 13,100 per month / EUR 157,200 per year",2026-02-20,3,CPI/INE annual,2,comércio a retalho e atividades comerciais conexas,yes,tenant (non-compliant),30,240,Portuguese law / NRAU,stamp_duty_on_tenant|notice_period_below_statutory,high,yes,yes,yes,no,no,yes,yes,no
PT_0187_retail_Évora.pdf,compliance_issue,retail,Coimbra Medical Supplies S.A.,Algarve Investment Fund SICAV-FIA,531498643,500981806,"Avenida Fontes Pereira de Melo 162, 7000-470 Évora, Portugal",2023-05-23,2030-05-23,"EUR 4,700 per month / EUR 56,400 per year",2026-05-23,4,CPI/INE annual,3,comércio a retalho e atividades comerciais conexas,yes,tenant (non-compliant),30,240,Portuguese law / NRAU,stamp_duty_on_tenant|notice_period_below_statutory,high,yes,yes,yes,no,no,yes,yes,no
PT_0188_warehouse_Lisboa.pdf,compliance_issue,warehouse,Palmela Auto Components Lda.,Peninsular Property Trust SICAV,594636887,525887449,"Avenida João XXI 204, 1400-975 Lisboa, Portugal",2022-04-16,2032-04-16,"EUR 4,500 per month / EUR 54,000 per year",2027-04-16,3,CPI/INE annual,2,"armazenagem, logística e operações industriais",yes,tenant (non-compliant),30,240,Portuguese law / NRAU,stamp_duty_on_tenant|notice_period_below_statutory,high,yes,yes,yes,no,no,yes,yes,no
PT_0189_retail_Guarda.pdf,compliance_issue,retail,Peniche Maritime S.A.,Tagus Commercial Properties S.A.,558902601,527961143,"Avenida João XXI 41, 6300-138 Guarda, Portugal",2023-04-01,2030-04-01,"EUR 10,600 per month / EUR 127,200 per year",2026-04-01,3,CPI/INE annual,2,comércio a retalho e atividades comerciais conexas,yes,tenant (non-compliant),30,240,Portuguese law / NRAU,stamp_duty_on_tenant|notice_period_below_statutory,high,yes,yes,yes,no,no,yes,yes,no
PT_0190_warehouse_Faro.pdf,compliance_issue,warehouse,Amadora Tech Solutions Lda.,Fundo de Investimento Imobiliário Tejo SICAV-FIA,538430988,539205302,"Avenida Almirante Reis 142, 8000-461 Faro, Portugal",2023-04-11,2028-04-11,"EUR 11,600 per month / EUR 139,200 per year",2025-04-11,3,CPI/INE annual,2,"armazenagem, logística e operações industriais",yes,tenant (non-compliant),30,120,Portuguese law / NRAU,stamp_duty_on_tenant|notice_period_below_statutory,high,yes,yes,yes,no,no,yes,yes,no
PT_0191_retail_Santarém.pdf,compliance_issue,retail,SolTejo Energia Lda.,Porto Heritage Properties Lda.,548955439,537690426,"Rua Latino Coelho 55, 2000-174 Santarém, Portugal",2022-11-28,2025-11-28,"EUR 8,300 per month / EUR 99,600 per year",2023-11-28,4,CPI/INE annual,3,comércio a retalho e atividades comerciais conexas,yes,tenant (non-compliant),30,120,Portuguese law / NRAU,stamp_duty_on_tenant|notice_period_below_statutory,high,yes,yes,yes,no,no,yes,yes,no
PT_0192_warehouse_Leiria.pdf,compliance_issue,warehouse,Amadora Tech Solutions Lda.,Tagus Commercial Properties S.A.,597357790,571416335,"Avenida Duque de Loulé 181, 2400-648 Leiria, Portugal",2022-06-24,2027-06-24,"EUR 19,400 per month / EUR 232,800 per year",2024-06-24,4,CPI/INE annual,3,"armazenagem, logística e operações industriais",yes,tenant (non-compliant),30,120,Portuguese law / NRAU,stamp_duty_on_tenant|notice_period_below_statutory,high,yes,yes,yes,no,no,yes,yes,no
PT_0193_warehouse_Porto.pdf,compliance_issue,warehouse,Leiria Construction S.A.,Lisboa Property Fund S.A.,582755394,523733343,"Rua Garrett 104, 4100-956 Porto, Portugal",2021-11-16,2024-11-16,"EUR 10,600 per month / EUR 127,200 per year",2022-11-16,3,CPI/INE annual,2,"armazenagem, logística e operações industriais",yes,tenant (non-compliant),30,120,Portuguese law / NRAU,stamp_duty_on_tenant|notice_period_below_statutory,high,yes,yes,yes,no,no,yes,yes,no
PT_0194_warehouse_Leiria.pdf,compliance_issue,warehouse,Moita Port Services Lda.,Fundo de Investimento Imobiliário Tejo SICAV-FIA,580759579,547284639,"Avenida da República 28, 2400-918 Leiria, Portugal",2024-01-13,2027-01-13,"EUR 13,700 per month / EUR 164,400 per year",2025-01-13,4,CPI/INE annual,3,"armazenagem, logística e operações industriais",yes,tenant (non-compliant),30,120,Portuguese law / NRAU,stamp_duty_on_tenant|notice_period_below_statutory,high,yes,yes,yes,no,no,yes,yes,no
PT_0195_retail_Viseu.pdf,compliance_issue,retail,Vila Franca Commerce Lda.,Lisboa Property Fund S.A.,587500369,515594284,"Rua Garrett 138, 3500-727 Viseu, Portugal",2022-01-12,2032-01-12,"EUR 10,100 per month / EUR 121,200 per year",2027-01-12,4,CPI/INE annual,3,comércio a retalho e atividades comerciais conexas,yes,tenant (non-compliant),30,240,Portuguese law / NRAU,stamp_duty_on_tenant|notice_period_below_statutory,high,yes,yes,yes,no,no,yes,yes,no
PT_0196_warehouse_Lisboa.pdf,compliance_issue,warehouse,Almada Retail S.A.,Peninsular Property Trust SICAV,564729293,514386632,"Avenida da República 243, 1000-280 Lisboa, Portugal",2021-10-03,2028-10-03,"EUR 14,200 per month / EUR 170,400 per year",2024-10-03,4,CPI/INE annual,3,"armazenagem, logística e operações industriais",yes,tenant (non-compliant),30,240,Portuguese law / NRAU,stamp_duty_on_tenant|notice_period_below_statutory,high,yes,yes,yes,no,no,yes,yes,no
PT_0197_warehouse_Setúbal.pdf,compliance_issue,warehouse,Torres Vedras Agro S.A.,Serra da Arrábida Properties Lda.,590612034,571754558,"Avenida de Berna 132, 2900-120 Setúbal, Portugal",2022-12-21,2027-12-21,"EUR 4,600 per month / EUR 55,200 per year",2024-12-21,3,CPI/INE annual,2,"armazenagem, logística e operações industriais",yes,tenant (non-compliant),30,120,Portuguese law / NRAU,stamp_duty_on_tenant|notice_period_below_statutory,high,yes,yes,yes,no,no,yes,yes,no
PT_0198_warehouse_Coimbra.pdf,compliance_issue,warehouse,Aveiro Marine Lda.,Minho Valley Properties Lda.,587716947,522569961,"Avenida Almirante Reis 83, 3000-333 Coimbra, Portugal",2024-08-30,2031-08-30,"EUR 9,600 per month / EUR 115,200 per year",2027-08-30,4,CPI/INE annual,3,"armazenagem, logística e operações industriais",yes,tenant (non-compliant),30,240,Portuguese law / NRAU,stamp_duty_on_tenant|notice_period_below_statutory,high,yes,yes,yes,no,no,yes,yes,no
PT_0199_warehouse_Lisboa.pdf,compliance_issue,warehouse,Évora Agricultural Tech Lda.,Montado Capital Fund SICAV,575987622,502341326,"Rua de São Bento 49, 1200-999 Lisboa, Portugal",2021-04-21,2024-04-21,"EUR 15,500 per month / EUR 186,000 per year",2022-04-21,4,CPI/INE annual,3,"armazenagem, logística e operações industriais",yes,tenant (non-compliant),30,120,Portuguese law / NRAU,stamp_duty_on_tenant|notice_period_below_statutory,high,yes,yes,yes,no,no,yes,yes,no
PT_0200_retail_Aveiro.pdf,compliance_issue,retail,Lusitana Pharma S.A.,Atlantic Estates Portugal Lda.,592164334,572282005,"Rua dos Correeiros 244, 3800-991 Aveiro, Portugal",2024-01-29,2034-01-29,"EUR 7,700 per month / EUR 92,400 per year",2029-01-29,3,CPI/INE annual,2,comércio a retalho e atividades comerciais conexas,yes,tenant (non-compliant),30,240,Portuguese law / NRAU,stamp_duty_on_tenant|notice_period_below_statutory,high,yes,yes,yes,no,no,yes,yes,no
